sku_id,supplier_id,po_date,expected_delivery_date,actual_delivery_date,quantity_ordered
SKU056,SUP006,2025-04-23,2025-04-29,2025-05-03,1072
SKU113,SUP004,2025-06-20,2025-07-17,,1076
SKU079,SUP015,2025-05-31,2025-06-09,2025-06-09,965
SKU196,SUP009,2025-03-08,2025-04-10,2025-04-10,1898
SKU070,SUP012,2025-03-09,2025-03-16,2025-03-16,462
SKU009,SUP010,2025-06-24,2025-07-20,,1819
SKU179,SUP008,2025-06-04,2025-06-27,,1817
SKU241,SUP009,2025-01-24,2025-02-17,2025-02-21,1954
SKU185,SUP012,2025-03-01,2025-03-24,2025-03-27,1657
SKU212,SUP003,2025-06-06,2025-06-22,2025-06-22,1666
SKU158,SUP006,2025-05-02,2025-05-08,2025-05-07,1330
SKU110,SUP008,2025-01-22,2025-01-28,2025-01-29,668
SKU114,SUP014,2025-05-09,2025-05-14,,809
SKU179,SUP004,2025-01-21,2025-02-12,2025-02-13,160
SKU054,SUP008,2025-03-21,2025-04-05,2025-04-05,1827
SKU171,SUP013,2025-05-01,2025-05-27,,792
SKU108,SUP005,2025-06-11,2025-07-04,,1329
SKU078,SUP002,2025-01-16,2025-01-27,2025-01-27,1133
SKU125,SUP010,2025-05-20,2025-06-20,2025-06-19,1463
SKU129,SUP015,2025-02-27,2025-03-28,2025-04-01,144
SKU097,SUP012,2025-01-23,2025-02-02,2025-02-04,126
SKU097,SUP012,2025-02-05,2025-02-13,,1342
SKU185,SUP007,2025-03-02,2025-03-24,2025-03-23,947
SKU087,SUP012,2025-04-29,2025-05-06,2025-05-07,178
SKU067,SUP009,2025-03-28,2025-04-26,2025-04-25,780
SKU151,SUP005,2025-01-03,2025-01-21,2025-01-21,1166
SKU105,SUP002,2025-01-01,2025-01-08,2025-01-12,1226
SKU010,SUP011,2025-03-12,2025-03-24,2025-03-26,1016
SKU126,SUP002,2025-04-07,2025-04-29,,1805
SKU204,SUP009,2025-02-01,2025-02-13,2025-02-15,1844
SKU187,SUP008,2025-05-10,2025-05-21,2025-05-24,1394
SKU089,SUP005,2025-01-22,2025-02-01,2025-02-02,173
SKU025,SUP015,2025-06-25,2025-07-14,2025-07-13,528
SKU120,SUP007,2025-05-25,2025-06-25,,1475
SKU137,SUP013,2025-01-17,2025-02-11,2025-02-15,267
SKU203,SUP011,2025-03-26,2025-04-26,2025-04-29,251
SKU074,SUP002,2025-05-25,2025-06-13,2025-06-15,200
SKU045,SUP004,2025-01-17,2025-01-27,,256
SKU223,SUP013,2025-03-23,2025-04-17,2025-04-18,1743
SKU205,SUP001,2025-06-04,2025-06-19,2025-06-20,957
SKU026,SUP004,2025-06-03,2025-06-28,2025-06-27,437
SKU181,SUP006,2025-02-11,2025-02-19,2025-02-18,687
SKU177,SUP015,2025-05-11,2025-06-04,2025-06-04,1478
SKU200,SUP002,2025-04-10,2025-04-21,2025-04-25,401
SKU189,SUP001,2025-03-03,2025-03-18,2025-03-18,1241
SKU144,SUP001,2025-06-06,2025-06-22,2025-06-24,1459
SKU071,SUP003,2025-03-19,2025-03-24,2025-03-28,298
SKU161,SUP011,2025-01-26,2025-02-06,2025-02-07,1559
SKU068,SUP003,2025-06-03,2025-06-23,2025-06-25,1409
SKU049,SUP013,2025-02-13,2025-02-21,2025-02-25,709
SKU236,SUP007,2025-01-26,2025-02-18,2025-02-20,1701
SKU234,SUP001,2025-03-28,2025-04-09,2025-04-08,1377
SKU130,SUP002,2025-02-15,2025-03-15,2025-03-15,1635
SKU100,SUP001,2025-01-16,2025-01-22,2025-01-25,337
SKU134,SUP014,2025-04-10,2025-04-21,2025-04-23,222
SKU246,SUP012,2025-04-27,2025-05-21,2025-05-22,1897
SKU084,SUP001,2025-02-22,2025-03-20,2025-03-21,1192
SKU011,SUP005,2025-05-23,2025-06-15,2025-06-18,1416
SKU009,SUP010,2025-05-11,2025-06-07,2025-06-07,504
SKU149,SUP011,2025-01-11,2025-01-24,,571
SKU035,SUP012,2025-04-29,2025-05-06,2025-05-06,1775
SKU119,SUP015,2025-02-03,2025-02-06,,1780
SKU223,SUP011,2025-01-01,2025-01-27,2025-01-27,1520
SKU106,SUP003,2025-03-26,2025-04-02,,949
SKU197,SUP002,2025-05-10,2025-06-06,2025-06-06,873
SKU125,SUP009,2025-01-11,2025-02-12,2025-02-14,940
SKU002,SUP012,2025-05-19,2025-06-13,2025-06-13,568
SKU212,SUP009,2025-01-08,2025-01-25,2025-01-27,352
SKU014,SUP011,2025-03-27,2025-04-19,2025-04-23,778
SKU020,SUP010,2025-03-28,2025-04-12,2025-04-12,1545
SKU246,SUP008,2025-02-13,2025-03-12,2025-03-16,477
SKU145,SUP010,2025-02-07,2025-03-08,2025-03-11,1371
SKU070,SUP006,2025-02-26,2025-03-05,2025-03-04,1566
SKU018,SUP004,2025-02-26,2025-03-09,,1939
SKU074,SUP007,2025-06-29,2025-07-18,2025-07-18,124
SKU226,SUP004,2025-02-26,2025-03-14,2025-03-17,1922
SKU064,SUP015,2025-01-02,2025-01-21,2025-01-24,1349
SKU084,SUP001,2025-06-28,2025-07-23,2025-07-23,721
SKU254,SUP011,2025-01-30,2025-03-01,2025-03-03,276
SKU139,SUP012,2025-06-13,2025-07-02,2025-07-01,1959
SKU042,SUP005,2025-04-04,2025-04-12,2025-04-13,1433
SKU208,SUP009,2025-03-06,2025-03-14,,1944
SKU018,SUP013,2025-04-22,2025-05-04,2025-05-08,1136
SKU090,SUP008,2025-05-03,2025-05-25,2025-05-27,997
SKU108,SUP004,2025-03-18,2025-04-09,2025-04-09,738
SKU088,SUP014,2025-01-16,2025-02-15,2025-02-17,428
SKU032,SUP012,2025-05-21,2025-06-07,2025-06-09,944
SKU169,SUP006,2025-04-20,2025-05-03,,859
SKU127,SUP005,2025-02-09,2025-03-01,2025-03-03,1976
SKU198,SUP015,2025-05-12,2025-05-27,2025-05-30,520
SKU151,SUP005,2025-03-26,2025-04-16,2025-04-17,1610
SKU151,SUP005,2025-05-24,2025-06-15,2025-06-17,715
SKU159,SUP014,2025-04-16,2025-04-27,2025-04-27,456
SKU256,SUP010,2025-01-09,2025-01-31,2025-02-02,1817
SKU099,SUP007,2025-04-20,2025-05-13,2025-05-13,1488
SKU058,SUP003,2025-02-11,2025-02-26,2025-02-25,170
SKU056,SUP006,2025-04-15,2025-04-21,,1709
SKU171,SUP013,2025-05-23,2025-06-21,2025-06-24,1718
SKU182,SUP001,2025-01-10,2025-01-27,,962
SKU215,SUP012,2025-04-08,2025-04-15,2025-04-14,672
SKU146,SUP010,2025-06-12,2025-07-03,2025-07-03,204
SKU255,SUP008,2025-06-22,2025-07-16,2025-07-16,1459
SKU076,SUP001,2025-03-10,2025-04-03,2025-04-03,1908
SKU251,SUP010,2025-03-29,2025-04-14,2025-04-18,1213
SKU049,SUP013,2025-02-07,2025-02-21,2025-02-20,158
SKU199,SUP010,2025-05-10,2025-06-06,2025-06-10,1090
SKU239,SUP005,2025-04-21,2025-05-11,2025-05-10,479
SKU080,SUP002,2025-04-21,2025-05-16,,1575
SKU195,SUP002,2025-04-23,2025-05-25,,853
SKU124,SUP002,2025-03-17,2025-04-17,2025-04-19,1986
SKU044,SUP008,2025-06-08,2025-06-24,,1207
SKU207,SUP013,2025-06-05,2025-06-17,2025-06-16,1109
SKU037,SUP009,2025-03-18,2025-03-28,2025-03-28,305
SKU062,SUP002,2025-04-10,2025-05-06,2025-05-09,1423
SKU007,SUP010,2025-06-21,2025-07-20,2025-07-20,1829
SKU055,SUP012,2025-02-11,2025-03-09,2025-03-12,493
SKU010,SUP011,2025-04-12,2025-04-25,,790
SKU193,SUP008,2025-04-23,2025-05-23,2025-05-27,1848
SKU049,SUP014,2025-05-25,2025-06-06,2025-06-10,578
SKU166,SUP011,2025-03-04,2025-03-10,2025-03-09,1776
SKU097,SUP012,2025-02-12,2025-02-16,,1743
SKU095,SUP012,2025-05-09,2025-06-10,2025-06-13,191
SKU127,SUP014,2025-02-25,2025-03-19,2025-03-21,585
SKU182,SUP008,2025-06-05,2025-06-23,2025-06-23,1833
SKU057,SUP015,2025-01-19,2025-02-14,,1510
SKU227,SUP001,2025-02-09,2025-02-20,2025-02-23,1097
SKU055,SUP004,2025-06-29,2025-07-28,2025-07-31,1307
SKU198,SUP012,2025-04-27,2025-05-14,2025-05-13,948
SKU211,SUP008,2025-05-15,2025-05-28,2025-05-28,414
SKU017,SUP001,2025-01-27,2025-02-05,2025-02-09,711
SKU019,SUP014,2025-01-17,2025-01-25,,1496
SKU246,SUP005,2025-03-22,2025-04-19,2025-04-22,1511
SKU197,SUP008,2025-01-29,2025-02-22,2025-02-26,1960
SKU146,SUP003,2025-02-26,2025-03-16,2025-03-15,897
SKU203,SUP011,2025-04-09,2025-05-12,2025-05-14,1388
SKU188,SUP009,2025-06-12,2025-06-30,2025-07-03,1199
SKU148,SUP006,2025-06-26,2025-07-22,2025-07-23,1950
SKU096,SUP012,2025-04-13,2025-05-05,2025-05-09,1150
SKU220,SUP001,2025-01-18,2025-02-09,2025-02-12,1205
SKU072,SUP015,2025-06-11,2025-06-24,2025-06-26,1161
SKU201,SUP011,2025-06-28,2025-07-14,2025-07-18,1855
SKU158,SUP009,2025-06-02,2025-06-11,2025-06-12,817
SKU150,SUP003,2025-01-23,2025-02-19,2025-02-21,1586
SKU088,SUP011,2025-01-01,2025-01-31,2025-02-02,717
SKU133,SUP005,2025-06-27,2025-07-05,2025-07-07,1994
SKU146,SUP003,2025-03-15,2025-04-06,2025-04-06,116
SKU196,SUP009,2025-03-12,2025-04-13,2025-04-14,1375
SKU119,SUP015,2025-02-14,2025-02-18,2025-02-18,655
SKU078,SUP002,2025-03-11,2025-03-17,2025-03-18,614
SKU214,SUP015,2025-03-15,2025-03-27,2025-03-29,1216
SKU176,SUP004,2025-01-07,2025-01-23,2025-01-25,1261
SKU231,SUP009,2025-03-29,2025-03-31,2025-04-01,424
SKU219,SUP002,2025-01-21,2025-02-17,,1054
SKU168,SUP008,2025-06-25,2025-07-02,2025-07-04,572
SKU141,SUP006,2025-01-06,2025-01-26,2025-01-25,454
SKU258,SUP013,2025-03-18,2025-04-16,2025-04-18,270
SKU022,SUP014,2025-04-17,2025-04-28,,1567
SKU216,SUP003,2025-03-25,2025-04-18,,1932
SKU181,SUP003,2025-01-12,2025-01-22,,452
SKU057,SUP012,2025-04-28,2025-05-28,2025-05-31,829
SKU011,SUP005,2025-05-06,2025-06-02,2025-06-02,1997
SKU116,SUP010,2025-03-08,2025-04-06,2025-04-09,1189
SKU070,SUP007,2025-06-09,2025-06-14,2025-06-14,563
SKU199,SUP010,2025-05-25,2025-06-25,,1214
SKU238,SUP003,2025-03-25,2025-03-27,2025-03-26,1984
SKU072,SUP002,2025-02-18,2025-02-28,2025-02-28,1362
SKU133,SUP011,2025-01-18,2025-01-30,2025-02-02,1601
SKU243,SUP001,2025-03-05,2025-03-08,2025-03-09,787
SKU082,SUP015,2025-03-28,2025-04-06,2025-04-10,262
SKU098,SUP002,2025-04-04,2025-04-13,2025-04-14,1960
SKU092,SUP001,2025-02-14,2025-03-07,2025-03-08,1985
SKU128,SUP014,2025-06-19,2025-07-11,2025-07-15,552
SKU226,SUP004,2025-02-22,2025-03-13,2025-03-14,1699
SKU182,SUP008,2025-06-28,2025-07-18,,1126
SKU064,SUP005,2025-04-26,2025-05-16,2025-05-16,1326
SKU021,SUP006,2025-04-12,2025-04-24,2025-04-26,1234
SKU123,SUP001,2025-04-09,2025-04-15,2025-04-14,380
SKU043,SUP003,2025-03-25,2025-04-02,2025-04-02,309
SKU126,SUP002,2025-03-10,2025-03-31,2025-04-02,329
SKU189,SUP006,2025-01-10,2025-01-26,2025-01-30,184
SKU049,SUP005,2025-03-11,2025-03-19,,1512
SKU218,SUP008,2025-03-31,2025-05-02,2025-05-02,1707
SKU254,SUP014,2025-05-03,2025-05-30,2025-05-31,1047
SKU047,SUP008,2025-04-05,2025-04-17,2025-04-18,248
SKU155,SUP015,2025-06-15,2025-06-29,2025-06-30,457
SKU174,SUP011,2025-05-19,2025-05-29,2025-06-02,632
SKU200,SUP010,2025-03-26,2025-04-05,2025-04-09,130
SKU249,SUP005,2025-01-09,2025-02-06,2025-02-06,1920
SKU080,SUP015,2025-03-25,2025-04-19,2025-04-23,938
SKU232,SUP005,2025-03-21,2025-04-12,2025-04-16,258
SKU014,SUP009,2025-03-14,2025-04-02,2025-04-05,1725
SKU029,SUP008,2025-02-18,2025-03-18,,939
SKU215,SUP003,2025-05-13,2025-05-18,2025-05-20,972
SKU058,SUP015,2025-01-25,2025-02-04,,1252
SKU087,SUP012,2025-06-19,2025-06-24,2025-06-27,166
SKU006,SUP004,2025-02-27,2025-03-27,2025-03-27,605
SKU082,SUP015,2025-03-28,2025-04-07,2025-04-10,503
SKU103,SUP003,2025-01-24,2025-02-03,2025-02-02,862
SKU117,SUP002,2025-04-15,2025-04-30,2025-05-01,1339
SKU024,SUP001,2025-02-04,2025-02-18,2025-02-19,342
SKU207,SUP002,2025-01-15,2025-01-23,2025-01-22,1970
SKU218,SUP014,2025-03-09,2025-04-07,,496
SKU075,SUP008,2025-04-13,2025-05-04,2025-05-05,1162
SKU204,SUP013,2025-02-18,2025-02-25,2025-02-25,1100
SKU132,SUP011,2025-04-27,2025-05-23,2025-05-26,1124
SKU188,SUP009,2025-02-25,2025-03-12,2025-03-16,135
SKU217,SUP015,2025-03-24,2025-03-31,2025-04-01,1657
SKU216,SUP011,2025-04-19,2025-05-10,,1479
SKU164,SUP005,2025-06-27,2025-06-30,2025-06-30,1144
SKU100,SUP014,2025-02-13,2025-02-23,2025-02-26,921
SKU090,SUP014,2025-01-17,2025-02-10,2025-02-09,578
SKU049,SUP014,2025-01-02,2025-01-13,2025-01-17,1182
SKU099,SUP012,2025-04-13,2025-05-06,2025-05-08,1637
SKU243,SUP001,2025-05-03,2025-05-09,,1511
SKU140,SUP014,2025-05-15,2025-06-09,2025-06-10,1512
SKU106,SUP003,2025-02-01,2025-02-04,,1192
SKU137,SUP013,2025-06-10,2025-07-04,2025-07-03,1697
SKU185,SUP007,2025-05-05,2025-05-27,2025-05-31,731
SKU170,SUP014,2025-03-20,2025-04-13,2025-04-13,1564
SKU172,SUP011,2025-03-16,2025-03-30,,725
SKU062,SUP015,2025-03-05,2025-04-02,2025-04-02,1053
SKU255,SUP008,2025-01-20,2025-02-13,2025-02-12,1097
SKU196,SUP009,2025-04-29,2025-05-31,2025-06-02,1928
SKU008,SUP002,2025-02-13,2025-03-08,2025-03-12,1704
SKU045,SUP012,2025-02-01,2025-02-11,2025-02-15,213
SKU204,SUP009,2025-05-11,2025-05-18,2025-05-22,1004
SKU062,SUP007,2025-06-23,2025-07-19,2025-07-22,842
SKU163,SUP009,2025-05-10,2025-05-28,2025-05-30,675
SKU031,SUP005,2025-02-16,2025-02-25,2025-02-28,1745
SKU069,SUP003,2025-04-16,2025-05-12,2025-05-13,1506
SKU162,SUP015,2025-01-30,2025-03-04,2025-03-08,1690
SKU003,SUP002,2025-02-26,2025-03-23,,1321
SKU188,SUP009,2025-02-18,2025-03-04,,1607
SKU011,SUP005,2025-04-13,2025-05-05,2025-05-08,199
SKU104,SUP004,2025-02-15,2025-03-10,,1822
SKU114,SUP011,2025-05-05,2025-05-10,2025-05-10,924
SKU115,SUP002,2025-01-25,2025-02-22,2025-02-23,826
SKU040,SUP010,2025-01-26,2025-02-10,2025-02-10,781
SKU167,SUP002,2025-06-18,2025-07-08,2025-07-09,1732
SKU016,SUP013,2025-05-15,2025-05-26,2025-05-29,205
SKU220,SUP001,2025-04-27,2025-05-21,2025-05-24,633
SKU161,SUP011,2025-04-17,2025-05-04,2025-05-04,1877
SKU117,SUP002,2025-01-26,2025-02-08,,1789
SKU176,SUP004,2025-06-15,2025-06-28,,657
SKU050,SUP013,2025-04-16,2025-04-25,2025-04-27,941
SKU247,SUP014,2025-06-06,2025-06-29,,249
SKU246,SUP012,2025-01-26,2025-02-23,,1401
SKU051,SUP003,2025-06-25,2025-07-04,2025-07-03,752
SKU213,SUP010,2025-05-18,2025-06-18,2025-06-17,178
SKU052,SUP011,2025-05-10,2025-06-05,,1174
SKU186,SUP005,2025-02-04,2025-02-23,2025-02-23,731
SKU247,SUP014,2025-06-25,2025-07-17,2025-07-17,714
SKU133,SUP011,2025-05-19,2025-05-26,2025-05-29,228
SKU091,SUP012,2025-01-29,2025-02-24,2025-02-23,1253
SKU173,SUP003,2025-06-25,2025-07-24,2025-07-25,1626
SKU174,SUP011,2025-06-12,2025-06-27,2025-06-27,398
SKU208,SUP009,2025-03-15,2025-03-20,,163
SKU243,SUP004,2025-06-01,2025-06-09,,1666
SKU232,SUP001,2025-01-29,2025-02-17,2025-02-16,1427
SKU087,SUP003,2025-03-06,2025-03-12,,478
SKU198,SUP012,2025-02-13,2025-03-01,2025-02-28,738
SKU168,SUP008,2025-05-11,2025-05-16,,1061
SKU248,SUP001,2025-05-17,2025-06-01,,710
SKU216,SUP008,2025-06-16,2025-07-09,2025-07-10,319
SKU031,SUP015,2025-03-28,2025-04-05,2025-04-04,638
SKU227,SUP006,2025-04-13,2025-04-26,,1512
SKU180,SUP008,2025-03-26,2025-04-17,2025-04-20,137
SKU148,SUP002,2025-01-25,2025-02-17,2025-02-17,553
SKU169,SUP009,2025-03-08,2025-03-20,2025-03-23,112
SKU048,SUP011,2025-02-26,2025-03-05,2025-03-09,360
SKU205,SUP014,2025-06-24,2025-07-08,,920
SKU069,SUP004,2025-04-14,2025-05-12,,315
SKU212,SUP009,2025-01-16,2025-01-31,2025-02-03,650
SKU089,SUP007,2025-04-22,2025-05-02,2025-05-02,570
SKU178,SUP005,2025-01-15,2025-01-24,2025-01-27,313
SKU208,SUP009,2025-06-18,2025-06-24,,1428
SKU146,SUP001,2025-03-31,2025-04-20,2025-04-21,1123
SKU029,SUP008,2025-01-14,2025-02-15,2025-02-14,1912
SKU057,SUP005,2025-05-22,2025-06-21,2025-06-22,1816
SKU077,SUP004,2025-05-31,2025-06-12,,1866
SKU018,SUP013,2025-06-10,2025-06-22,2025-06-23,830
SKU120,SUP007,2025-02-03,2025-03-05,2025-03-05,1325
SKU011,SUP005,2025-04-01,2025-04-23,2025-04-27,1506
SKU080,SUP008,2025-01-16,2025-02-11,2025-02-10,120
SKU178,SUP005,2025-01-17,2025-01-23,2025-01-24,503
SKU153,SUP013,2025-05-17,2025-06-04,2025-06-08,358
SKU103,SUP003,2025-02-24,2025-03-03,,912
SKU226,SUP004,2025-06-24,2025-07-13,2025-07-12,605
SKU182,SUP001,2025-02-15,2025-03-07,2025-03-08,1090
SKU106,SUP003,2025-01-17,2025-01-24,2025-01-24,595
SKU024,SUP015,2025-04-01,2025-04-12,2025-04-14,437
SKU037,SUP009,2025-01-26,2025-02-03,2025-02-05,1305
SKU086,SUP012,2025-06-07,2025-07-02,2025-07-03,1902
SKU100,SUP001,2025-03-28,2025-04-03,2025-04-04,1736
SKU165,SUP015,2025-04-24,2025-05-17,2025-05-17,183
SKU244,SUP013,2025-02-19,2025-03-03,2025-03-03,982
SKU194,SUP001,2025-05-16,2025-06-03,2025-06-03,538
SKU050,SUP013,2025-04-28,2025-05-07,2025-05-08,494
SKU191,SUP003,2025-03-08,2025-03-16,2025-03-18,174
SKU021,SUP010,2025-06-20,2025-07-03,2025-07-07,1272
SKU188,SUP009,2025-04-26,2025-05-12,2025-05-15,1192
SKU009,SUP014,2025-04-25,2025-05-20,2025-05-20,1781
SKU243,SUP001,2025-03-22,2025-03-26,2025-03-30,313
SKU206,SUP015,2025-05-20,2025-06-13,2025-06-13,869
SKU135,SUP010,2025-05-22,2025-06-07,2025-06-11,1449
SKU229,SUP006,2025-01-24,2025-02-04,2025-02-05,1337
SKU246,SUP015,2025-03-06,2025-03-29,,1436
SKU156,SUP013,2025-05-31,2025-06-21,,1593
SKU234,SUP001,2025-06-12,2025-06-21,,1919
SKU210,SUP001,2025-01-24,2025-02-05,,408
SKU100,SUP012,2025-02-18,2025-02-23,2025-02-23,1564
SKU226,SUP004,2025-01-07,2025-01-26,2025-01-30,1994
SKU053,SUP009,2025-05-12,2025-05-26,2025-05-25,1130
SKU230,SUP002,2025-03-08,2025-04-03,2025-04-03,349
SKU083,SUP001,2025-05-04,2025-06-01,2025-06-04,554
SKU058,SUP002,2025-02-17,2025-03-01,2025-03-04,333
SKU078,SUP002,2025-04-18,2025-04-23,2025-04-24,1739
SKU074,SUP004,2025-05-27,2025-06-20,,1758
SKU206,SUP009,2025-05-18,2025-06-10,,1894
SKU105,SUP002,2025-06-25,2025-06-29,2025-07-03,1742
SKU251,SUP003,2025-05-03,2025-05-22,2025-05-22,1472
SKU225,SUP013,2025-04-11,2025-04-28,2025-05-02,1359
SKU127,SUP014,2025-05-27,2025-06-15,2025-06-17,388
SKU040,SUP010,2025-02-01,2025-02-18,2025-02-17,397
SKU098,SUP015,2025-04-30,2025-05-11,2025-05-14,1433
SKU084,SUP014,2025-01-25,2025-02-20,2025-02-24,251
SKU139,SUP013,2025-01-08,2025-02-02,2025-02-01,1425
SKU038,SUP013,2025-04-02,2025-04-05,2025-04-07,372
SKU161,SUP011,2025-06-24,2025-07-10,2025-07-13,1132
SKU113,SUP004,2025-05-29,2025-06-20,2025-06-20,1897
SKU248,SUP009,2025-05-01,2025-05-16,2025-05-15,338
SKU010,SUP011,2025-04-23,2025-05-04,2025-05-06,1020
SKU177,SUP003,2025-01-11,2025-02-07,2025-02-10,317
SKU206,SUP015,2025-02-25,2025-03-18,2025-03-20,1376
SKU180,SUP012,2025-03-28,2025-04-18,,1770
SKU022,SUP014,2025-03-16,2025-03-21,2025-03-22,1226
SKU007,SUP010,2025-05-08,2025-06-04,2025-06-04,673
SKU240,SUP007,2025-04-08,2025-05-08,2025-05-10,444
SKU152,SUP004,2025-05-10,2025-06-06,2025-06-06,383
SKU143,SUP015,2025-01-20,2025-02-12,2025-02-11,1146
SKU224,SUP008,2025-04-22,2025-05-14,2025-05-17,1114
SKU085,SUP003,2025-01-31,2025-02-12,,462
SKU141,SUP013,2025-02-12,2025-03-04,2025-03-08,1603
SKU067,SUP009,2025-03-03,2025-04-01,2025-04-01,697
SKU052,SUP011,2025-04-01,2025-04-27,2025-04-27,1327
SKU238,SUP005,2025-05-16,2025-05-24,,1504
SKU064,SUP009,2025-04-24,2025-05-15,,1331
SKU019,SUP014,2025-04-30,2025-05-09,2025-05-12,716
SKU100,SUP001,2025-06-08,2025-06-15,2025-06-14,178
SKU073,SUP009,2025-06-19,2025-07-04,2025-07-04,1074
SKU224,SUP008,2025-01-06,2025-01-24,,215
SKU163,SUP010,2025-03-03,2025-03-21,,1515
SKU096,SUP012,2025-05-06,2025-05-26,2025-05-27,493
SKU184,SUP013,2025-03-17,2025-04-08,2025-04-09,232
SKU137,SUP001,2025-02-15,2025-03-13,2025-03-14,887
SKU179,SUP013,2025-06-27,2025-07-16,,1227
SKU161,SUP011,2025-01-31,2025-02-13,2025-02-13,341
SKU113,SUP005,2025-05-11,2025-06-03,2025-06-03,1236
SKU044,SUP008,2025-05-08,2025-05-26,,926
SKU045,SUP010,2025-03-03,2025-03-15,,1826
SKU160,SUP010,2025-01-11,2025-01-21,2025-01-20,801
SKU175,SUP007,2025-04-11,2025-05-03,2025-05-07,303
SKU213,SUP007,2025-03-08,2025-04-05,2025-04-06,402
SKU200,SUP002,2025-05-26,2025-06-05,2025-06-04,495
SKU237,SUP006,2025-03-12,2025-04-11,2025-04-10,1799
SKU116,SUP006,2025-01-25,2025-02-23,2025-02-22,704
SKU094,SUP012,2025-03-12,2025-03-16,,1915
SKU011,SUP005,2025-03-14,2025-04-07,2025-04-09,1863
SKU220,SUP001,2025-05-21,2025-06-16,2025-06-19,443
SKU080,SUP002,2025-05-20,2025-06-11,2025-06-14,1251
SKU190,SUP007,2025-01-31,2025-02-28,2025-02-27,174
SKU034,SUP009,2025-03-16,2025-03-29,2025-04-01,904
SKU081,SUP009,2025-05-29,2025-06-10,2025-06-14,1200
SKU229,SUP008,2025-02-10,2025-02-21,2025-02-25,672
SKU026,SUP004,2025-04-13,2025-05-09,2025-05-12,974
SKU194,SUP001,2025-03-09,2025-03-24,,1948
SKU165,SUP015,2025-04-02,2025-04-28,2025-04-27,1860
SKU127,SUP005,2025-04-25,2025-05-17,2025-05-19,238
SKU052,SUP011,2025-01-31,2025-02-28,2025-03-04,704
SKU145,SUP004,2025-06-02,2025-06-30,2025-07-03,1895
SKU164,SUP013,2025-05-29,2025-06-05,2025-06-04,765
SKU167,SUP002,2025-06-10,2025-07-05,2025-07-04,248
SKU046,SUP010,2025-01-16,2025-02-02,2025-02-03,1596
SKU066,SUP011,2025-03-20,2025-04-12,2025-04-12,1785
SKU046,SUP002,2025-04-01,2025-04-19,2025-04-19,688
SKU152,SUP013,2025-04-25,2025-05-24,2025-05-25,1683
SKU191,SUP011,2025-01-12,2025-01-19,2025-01-20,500
SKU177,SUP003,2025-02-26,2025-03-26,2025-03-27,1820
SKU121,SUP011,2025-03-15,2025-03-27,,455
SKU216,SUP012,2025-02-12,2025-03-08,,1309
SKU249,SUP005,2025-02-06,2025-03-05,2025-03-05,1145
SKU088,SUP011,2025-05-05,2025-06-04,2025-06-05,1851
SKU176,SUP008,2025-04-16,2025-04-28,,647
SKU204,SUP002,2025-01-11,2025-01-20,2025-01-21,1415
SKU052,SUP011,2025-01-31,2025-02-26,,1548
SKU184,SUP013,2025-05-08,2025-06-01,2025-05-31,1901
SKU188,SUP009,2025-05-10,2025-05-28,2025-05-29,514
SKU198,SUP012,2025-02-25,2025-03-16,2025-03-19,727
SKU092,SUP012,2025-06-15,2025-07-09,,1109
SKU071,SUP003,2025-05-26,2025-05-30,2025-05-30,1995
SKU084,SUP014,2025-02-12,2025-03-09,2025-03-13,909
SKU133,SUP011,2025-03-06,2025-03-14,2025-03-15,1336
SKU148,SUP006,2025-05-29,2025-06-23,2025-06-27,1527
SKU082,SUP015,2025-05-09,2025-05-23,2025-05-27,1415
SKU203,SUP011,2025-01-24,2025-02-23,2025-02-26,1331
SKU205,SUP005,2025-01-26,2025-02-05,2025-02-09,420
SKU075,SUP009,2025-06-12,2025-07-05,2025-07-04,1821
SKU054,SUP008,2025-06-05,2025-06-21,2025-06-23,1261
SKU187,SUP008,2025-05-22,2025-05-30,2025-06-03,1539
SKU026,SUP014,2025-05-09,2025-06-06,,1253
SKU158,SUP009,2025-02-21,2025-03-01,2025-03-01,209
SKU049,SUP014,2025-03-14,2025-03-25,2025-03-27,267
SKU045,SUP012,2025-04-15,2025-04-30,2025-04-30,398
SKU167,SUP007,2025-05-14,2025-06-05,2025-06-08,883
SKU037,SUP009,2025-06-14,2025-06-26,2025-06-26,313
SKU062,SUP002,2025-05-05,2025-05-28,,338
SKU020,SUP010,2025-03-23,2025-04-03,,1019
SKU132,SUP013,2025-05-12,2025-06-08,,1525
SKU253,SUP010,2025-03-29,2025-04-08,2025-04-08,1590
SKU201,SUP008,2025-05-05,2025-05-20,,696
SKU188,SUP009,2025-04-21,2025-05-10,,1960
SKU105,SUP002,2025-05-30,2025-06-02,2025-06-04,1404
SKU105,SUP002,2025-05-14,2025-05-23,,1132
SKU060,SUP001,2025-02-18,2025-02-28,2025-03-04,1928
SKU169,SUP006,2025-01-14,2025-01-29,2025-01-29,1671
SKU048,SUP011,2025-01-28,2025-02-05,2025-02-09,815
SKU104,SUP004,2025-06-19,2025-07-13,2025-07-13,1645
SKU106,SUP003,2025-06-16,2025-06-19,2025-06-22,1188
SKU188,SUP009,2025-03-02,2025-03-18,,204
SKU034,SUP010,2025-04-20,2025-04-29,2025-05-02,1389
SKU182,SUP011,2025-03-06,2025-03-24,2025-03-23,639
SKU223,SUP004,2025-04-17,2025-05-10,2025-05-13,1774
SKU099,SUP007,2025-05-03,2025-05-31,,556
SKU010,SUP011,2025-01-08,2025-01-23,2025-01-23,808
SKU198,SUP014,2025-05-25,2025-06-09,2025-06-08,1253
SKU132,SUP011,2025-05-02,2025-05-25,2025-05-29,1338
SKU043,SUP003,2025-03-15,2025-03-26,2025-03-26,1253
SKU194,SUP003,2025-04-16,2025-05-03,,683
SKU015,SUP007,2025-06-21,2025-07-07,,1237
SKU147,SUP010,2025-06-15,2025-07-10,2025-07-11,1399
SKU178,SUP008,2025-04-08,2025-04-15,2025-04-19,1238
SKU159,SUP005,2025-03-09,2025-03-24,2025-03-28,807
SKU090,SUP010,2025-04-22,2025-05-19,,608
SKU179,SUP004,2025-03-11,2025-04-04,2025-04-08,1276
SKU104,SUP015,2025-05-08,2025-06-03,2025-06-07,1468
SKU019,SUP014,2025-06-08,2025-06-13,2025-06-15,122
SKU047,SUP008,2025-01-13,2025-01-21,2025-01-20,767
SKU077,SUP009,2025-06-18,2025-06-29,2025-07-03,581
SKU112,SUP010,2025-04-06,2025-05-03,2025-05-05,520
SKU105,SUP002,2025-03-15,2025-03-24,2025-03-28,237
SKU038,SUP009,2025-02-14,2025-02-16,2025-02-16,1454
SKU253,SUP010,2025-01-29,2025-02-08,,1393
SKU031,SUP011,2025-04-14,2025-04-23,,1333
SKU253,SUP010,2025-05-16,2025-05-31,2025-06-02,953
SKU228,SUP015,2025-05-22,2025-06-02,2025-06-06,1016
SKU165,SUP003,2025-01-20,2025-02-12,2025-02-16,814
SKU136,SUP001,2025-06-21,2025-07-01,2025-07-03,659
SKU240,SUP005,2025-06-29,2025-07-28,,750
SKU205,SUP014,2025-03-14,2025-03-26,2025-03-29,915
SKU256,SUP015,2025-04-12,2025-05-02,2025-05-04,925
SKU088,SUP011,2025-04-23,2025-05-21,2025-05-23,344
SKU066,SUP011,2025-01-10,2025-02-02,2025-02-02,1836
SKU225,SUP004,2025-04-22,2025-05-07,2025-05-06,1012
SKU152,SUP003,2025-05-21,2025-06-18,,723
SKU144,SUP001,2025-02-12,2025-02-25,2025-02-27,695
SKU016,SUP001,2025-02-28,2025-03-14,2025-03-18,1102
SKU049,SUP005,2025-02-02,2025-02-15,,1650
SKU255,SUP008,2025-04-02,2025-04-30,2025-05-04,1860
SKU199,SUP010,2025-02-15,2025-03-19,2025-03-18,1369
SKU075,SUP001,2025-02-21,2025-03-19,2025-03-20,1189
SKU150,SUP008,2025-02-02,2025-02-26,,1989
SKU133,SUP011,2025-03-02,2025-03-09,,345
SKU176,SUP004,2025-04-26,2025-05-12,2025-05-16,1254
SKU102,SUP009,2025-01-14,2025-02-10,2025-02-09,437
SKU067,SUP009,2025-01-10,2025-02-04,,1444
SKU219,SUP002,2025-01-27,2025-02-20,,1706
SKU083,SUP001,2025-02-26,2025-03-28,2025-03-31,986
SKU076,SUP001,2025-01-20,2025-02-16,2025-02-16,140
SKU167,SUP010,2025-05-10,2025-06-05,2025-06-08,1523
SKU009,SUP014,2025-06-05,2025-06-30,2025-07-02,1332
SKU038,SUP009,2025-05-26,2025-06-03,,752
SKU168,SUP008,2025-02-24,2025-03-02,2025-03-04,1745
SKU196,SUP009,2025-06-10,2025-07-10,2025-07-09,1645
SKU148,SUP002,2025-04-19,2025-05-14,,1825
SKU094,SUP012,2025-03-04,2025-03-11,2025-03-14,1916
SKU011,SUP005,2025-03-05,2025-03-26,2025-03-30,1634
SKU089,SUP005,2025-04-26,2025-04-30,2025-04-29,380
SKU105,SUP002,2025-05-27,2025-06-05,2025-06-09,533
SKU144,SUP001,2025-02-02,2025-02-13,2025-02-12,1469
SKU186,SUP006,2025-05-24,2025-06-13,2025-06-15,563
SKU221,SUP007,2025-03-13,2025-04-02,2025-04-02,454
SKU215,SUP003,2025-03-13,2025-03-20,2025-03-24,1570
SKU093,SUP006,2025-03-09,2025-03-24,2025-03-23,445
SKU103,SUP003,2025-06-09,2025-06-19,2025-06-21,1317
SKU152,SUP004,2025-03-29,2025-04-23,2025-04-23,1420
SKU073,SUP011,2025-05-08,2025-05-23,2025-05-25,1773
SKU229,SUP008,2025-06-24,2025-07-05,2025-07-09,1227
SKU204,SUP009,2025-06-21,2025-07-03,2025-07-05,1458
SKU031,SUP015,2025-02-27,2025-03-07,2025-03-10,394
SKU156,SUP005,2025-02-06,2025-03-01,2025-03-02,1586
SKU213,SUP006,2025-04-11,2025-05-11,,492
SKU231,SUP009,2025-04-16,2025-04-22,2025-04-25,416
SKU168,SUP008,2025-02-13,2025-02-20,,541
SKU218,SUP013,2025-06-10,2025-07-12,2025-07-16,1109
SKU242,SUP011,2025-03-13,2025-03-28,2025-04-01,1357
SKU235,SUP009,2025-04-19,2025-04-30,,1004
SKU186,SUP008,2025-02-04,2025-02-18,2025-02-20,1925
SKU163,SUP012,2025-04-07,2025-04-24,2025-04-26,834
SKU118,SUP009,2025-03-20,2025-04-10,2025-04-14,882
SKU244,SUP002,2025-04-11,2025-04-21,2025-04-21,1333
SKU092,SUP001,2025-06-28,2025-07-16,2025-07-19,1819
SKU187,SUP008,2025-03-19,2025-03-27,2025-03-30,112
SKU076,SUP013,2025-01-19,2025-02-15,2025-02-16,1403
SKU026,SUP012,2025-06-05,2025-07-04,2025-07-06,455
SKU068,SUP003,2025-02-13,2025-03-07,2025-03-10,807
SKU111,SUP012,2025-01-02,2025-01-27,2025-01-31,893
SKU200,SUP010,2025-01-27,2025-02-03,2025-02-02,1312
SKU240,SUP005,2025-02-10,2025-03-12,2025-03-16,1237
SKU056,SUP006,2025-06-24,2025-06-27,,1737
SKU177,SUP003,2025-03-24,2025-04-20,2025-04-21,386
SKU180,SUP001,2025-01-23,2025-02-14,2025-02-18,780
SKU203,SUP011,2025-03-10,2025-04-06,2025-04-07,1170
SKU249,SUP010,2025-04-20,2025-05-16,2025-05-19,1725
SKU221,SUP001,2025-01-04,2025-01-23,,373
SKU043,SUP003,2025-06-10,2025-06-20,2025-06-20,1452
SKU187,SUP007,2025-06-05,2025-06-13,2025-06-17,881
SKU217,SUP015,2025-01-24,2025-02-05,,1834
SKU114,SUP007,2025-06-04,2025-06-10,2025-06-11,266
SKU207,SUP002,2025-03-06,2025-03-17,,1892
SKU235,SUP010,2025-04-20,2025-05-06,2025-05-07,1697
SKU164,SUP011,2025-01-21,2025-01-28,2025-01-29,169
SKU118,SUP009,2025-02-25,2025-03-19,2025-03-20,981
SKU128,SUP014,2025-05-02,2025-05-22,2025-05-22,1187
SKU048,SUP015,2025-03-22,2025-04-01,2025-04-04,356
SKU065,SUP007,2025-02-02,2025-02-15,2025-02-18,1694
SKU158,SUP007,2025-06-26,2025-07-02,,676
SKU069,SUP004,2025-05-14,2025-06-06,2025-06-05,771
SKU234,SUP001,2025-05-11,2025-05-17,2025-05-18,512
SKU002,SUP010,2025-05-25,2025-06-19,2025-06-22,1908
SKU049,SUP013,2025-05-11,2025-05-21,2025-05-23,1076
SKU178,SUP005,2025-02-15,2025-02-22,2025-02-23,346
SKU148,SUP002,2025-01-24,2025-02-19,,1203
SKU094,SUP012,2025-03-06,2025-03-10,2025-03-09,1505
SKU089,SUP004,2025-01-15,2025-01-24,,313
SKU074,SUP002,2025-01-31,2025-02-20,2025-02-19,336
SKU227,SUP001,2025-03-02,2025-03-16,,1203
SKU135,SUP010,2025-02-21,2025-03-12,,1838
SKU112,SUP010,2025-02-05,2025-03-04,2025-03-03,592
SKU227,SUP001,2025-05-30,2025-06-12,2025-06-13,1918
SKU037,SUP009,2025-02-15,2025-02-23,2025-02-26,1021
SKU228,SUP014,2025-05-02,2025-05-11,,761
SKU058,SUP009,2025-06-21,2025-07-04,2025-07-04,779
SKU166,SUP011,2025-05-17,2025-05-25,2025-05-26,1125
SKU106,SUP003,2025-04-18,2025-04-22,2025-04-25,1948
SKU195,SUP002,2025-05-21,2025-06-19,2025-06-20,665
SKU104,SUP004,2025-03-23,2025-04-16,2025-04-16,341
SKU203,SUP011,2025-01-31,2025-02-27,,1646
SKU254,SUP014,2025-05-08,2025-06-10,2025-06-14,1617
SKU047,SUP008,2025-04-17,2025-04-27,2025-04-27,233
SKU107,SUP006,2025-03-14,2025-04-01,2025-04-03,122
SKU054,SUP005,2025-02-28,2025-03-15,2025-03-14,756
SKU090,SUP008,2025-02-24,2025-03-21,2025-03-24,1656
SKU052,SUP011,2025-03-23,2025-04-20,2025-04-23,1748
SKU160,SUP010,2025-03-05,2025-03-16,2025-03-16,127
SKU116,SUP006,2025-01-04,2025-02-02,2025-02-03,685
SKU175,SUP007,2025-01-23,2025-02-15,2025-02-18,285
SKU059,SUP006,2025-01-01,2025-01-10,2025-01-11,384
SKU089,SUP004,2025-04-10,2025-04-18,,1981
SKU241,SUP006,2025-06-10,2025-07-03,2025-07-06,1356
SKU151,SUP007,2025-01-21,2025-02-11,2025-02-14,1405
SKU041,SUP007,2025-02-07,2025-02-13,,1882
SKU244,SUP010,2025-05-27,2025-06-08,2025-06-12,990
SKU142,SUP001,2025-05-24,2025-06-20,2025-06-19,1519
SKU055,SUP013,2025-04-12,2025-05-14,2025-05-17,424
SKU198,SUP012,2025-03-21,2025-04-09,2025-04-13,964
SKU205,SUP005,2025-03-15,2025-03-24,,1510
SKU187,SUP008,2025-02-21,2025-02-27,2025-02-28,698
SKU109,SUP009,2025-05-21,2025-06-05,,347
SKU069,SUP004,2025-03-08,2025-04-04,,802
SKU189,SUP006,2025-01-30,2025-02-17,,411
SKU097,SUP012,2025-04-23,2025-04-30,,1586
SKU132,SUP011,2025-06-10,2025-07-03,2025-07-03,733
SKU039,SUP004,2025-06-10,2025-07-05,2025-07-08,1808
SKU248,SUP013,2025-03-28,2025-04-09,,1623
SKU042,SUP004,2025-03-06,2025-03-13,2025-03-15,1238
SKU218,SUP008,2025-04-16,2025-05-15,,1877
SKU226,SUP004,2025-06-01,2025-06-14,2025-06-17,1782
SKU089,SUP005,2025-05-30,2025-06-05,2025-06-08,266
SKU072,SUP015,2025-01-09,2025-01-16,2025-01-16,374
SKU238,SUP001,2025-03-11,2025-03-13,2025-03-17,807
SKU084,SUP001,2025-03-28,2025-04-23,2025-04-25,363
SKU223,SUP004,2025-05-01,2025-05-24,2025-05-26,953
SKU128,SUP009,2025-04-20,2025-05-08,2025-05-07,1154
SKU011,SUP005,2025-03-29,2025-04-19,,441
SKU019,SUP014,2025-04-26,2025-05-03,2025-05-02,1133
SKU080,SUP015,2025-04-02,2025-04-27,2025-04-28,1559
SKU097,SUP012,2025-01-19,2025-01-27,2025-01-26,556
SKU008,SUP002,2025-05-26,2025-06-21,2025-06-20,303
SKU006,SUP006,2025-01-05,2025-01-30,,788
SKU136,SUP001,2025-01-25,2025-01-31,2025-02-01,1461
SKU178,SUP005,2025-04-05,2025-04-11,,992
SKU231,SUP009,2025-01-16,2025-01-24,2025-01-28,1548
SKU135,SUP006,2025-03-04,2025-03-17,,1785
SKU029,SUP007,2025-03-17,2025-04-12,,1982
SKU184,SUP001,2025-01-12,2025-01-30,2025-01-29,476
SKU214,SUP015,2025-05-17,2025-05-27,2025-05-30,138
SKU100,SUP012,2025-01-17,2025-01-22,,1320
SKU142,SUP011,2025-01-23,2025-02-25,2025-02-28,1056
SKU054,SUP008,2025-03-18,2025-03-30,2025-04-02,416
SKU086,SUP008,2025-04-28,2025-05-22,2025-05-24,357
SKU178,SUP005,2025-05-03,2025-05-14,2025-05-15,1828
SKU095,SUP002,2025-02-10,2025-03-10,,1594
SKU216,SUP003,2025-03-10,2025-03-28,2025-04-01,188
SKU208,SUP009,2025-03-07,2025-03-13,,1330
SKU077,SUP015,2025-02-16,2025-02-28,,309
SKU154,SUP015,2025-06-08,2025-06-26,,1200
SKU257,SUP003,2025-05-11,2025-05-26,2025-05-27,1138
SKU232,SUP006,2025-04-03,2025-04-25,2025-04-26,526
SKU220,SUP001,2025-05-01,2025-05-27,2025-05-29,1934
SKU143,SUP015,2025-06-18,2025-07-12,2025-07-12,819
SKU164,SUP005,2025-03-25,2025-04-01,,584
SKU078,SUP002,2025-04-01,2025-04-12,2025-04-14,1610
SKU175,SUP007,2025-05-12,2025-06-08,2025-06-07,1176
SKU077,SUP003,2025-02-15,2025-02-27,2025-03-02,1402
SKU027,SUP006,2025-04-19,2025-05-02,,1429
SKU124,SUP010,2025-01-01,2025-01-31,2025-01-31,651
SKU038,SUP005,2025-06-28,2025-07-02,,1209
SKU137,SUP001,2025-05-10,2025-06-06,2025-06-09,701
SKU059,SUP006,2025-05-27,2025-06-06,2025-06-08,1608
SKU056,SUP006,2025-04-30,2025-05-04,2025-05-03,1573
SKU189,SUP001,2025-02-11,2025-02-26,2025-02-28,748
SKU164,SUP005,2025-02-07,2025-02-10,2025-02-14,569
SKU018,SUP004,2025-03-23,2025-04-03,2025-04-06,1754
SKU188,SUP009,2025-02-26,2025-03-17,2025-03-21,1690
SKU087,SUP012,2025-01-29,2025-02-05,2025-02-08,861
SKU163,SUP010,2025-04-11,2025-05-01,2025-05-04,1264
SKU138,SUP015,2025-03-13,2025-03-25,,927
SKU040,SUP010,2025-01-07,2025-01-25,2025-01-29,1209
SKU253,SUP010,2025-01-01,2025-01-12,2025-01-14,1156
SKU234,SUP001,2025-01-03,2025-01-11,2025-01-12,895
SKU070,SUP007,2025-04-18,2025-04-26,2025-04-29,1548
SKU234,SUP001,2025-03-18,2025-03-30,2025-04-02,1794
SKU018,SUP004,2025-06-04,2025-06-14,2025-06-13,1951
SKU225,SUP007,2025-02-25,2025-03-15,2025-03-17,997
SKU235,SUP015,2025-01-18,2025-01-29,2025-01-29,665
SKU245,SUP010,2025-04-04,2025-04-13,,416
SKU121,SUP011,2025-03-09,2025-03-19,2025-03-21,1237
SKU223,SUP013,2025-06-15,2025-07-12,2025-07-11,840
SKU086,SUP007,2025-03-05,2025-03-26,2025-03-25,1441
SKU250,SUP013,2025-06-12,2025-06-16,2025-06-19,1379
SKU144,SUP001,2025-05-26,2025-06-11,,1292
SKU233,SUP003,2025-05-15,2025-05-28,,1590
SKU235,SUP009,2025-04-22,2025-05-09,2025-05-08,590
SKU107,SUP005,2025-05-02,2025-05-25,2025-05-28,1819
SKU185,SUP008,2025-02-01,2025-02-25,2025-02-25,935
SKU127,SUP005,2025-05-15,2025-06-02,,590
SKU135,SUP008,2025-02-09,2025-02-24,2025-02-28,1344
SKU004,SUP002,2025-05-14,2025-05-31,2025-05-31,1140
SKU216,SUP012,2025-01-31,2025-02-22,,499
SKU207,SUP013,2025-05-26,2025-06-09,2025-06-13,1364
SKU247,SUP014,2025-06-12,2025-07-07,2025-07-08,1407
SKU021,SUP010,2025-06-12,2025-06-20,2025-06-21,154
SKU127,SUP014,2025-04-03,2025-04-20,,703
SKU235,SUP010,2025-05-19,2025-06-01,2025-05-31,660
SKU096,SUP012,2025-06-06,2025-06-26,2025-06-27,448
SKU244,SUP002,2025-03-12,2025-03-22,,1015
SKU051,SUP003,2025-02-05,2025-02-10,,1790
SKU245,SUP010,2025-04-21,2025-04-27,2025-04-29,808
SKU109,SUP009,2025-04-30,2025-05-21,2025-05-22,226
SKU205,SUP014,2025-01-24,2025-02-08,2025-02-12,1228
SKU236,SUP007,2025-06-22,2025-07-16,,1069
SKU157,SUP005,2025-06-13,2025-06-20,2025-06-24,742
SKU255,SUP008,2025-04-05,2025-05-01,,782
SKU250,SUP006,2025-01-24,2025-01-29,,1763
SKU093,SUP008,2025-05-13,2025-05-28,2025-06-01,1664
SKU211,SUP008,2025-02-06,2025-02-16,2025-02-19,1793
SKU251,SUP005,2025-02-12,2025-03-04,2025-03-03,1964
SKU077,SUP015,2025-04-01,2025-04-10,2025-04-12,419
SKU191,SUP004,2025-06-12,2025-06-20,2025-06-23,1218
SKU041,SUP007,2025-05-29,2025-06-05,2025-06-05,293
SKU196,SUP009,2025-03-28,2025-04-24,2025-04-23,769
SKU139,SUP002,2025-01-17,2025-02-06,2025-02-08,915
SKU002,SUP012,2025-01-31,2025-02-24,2025-02-28,871
SKU241,SUP009,2025-06-12,2025-07-03,2025-07-03,1001
SKU031,SUP011,2025-05-18,2025-05-29,,813
SKU131,SUP006,2025-05-28,2025-06-21,2025-06-23,261
SKU061,SUP002,2025-03-12,2025-04-06,2025-04-08,565
SKU243,SUP004,2025-01-21,2025-01-28,2025-02-01,1645
SKU012,SUP002,2025-04-24,2025-05-01,2025-05-03,1668
SKU062,SUP011,2025-02-16,2025-03-17,2025-03-19,990
SKU249,SUP010,2025-01-25,2025-02-16,,1135
SKU092,SUP007,2025-06-28,2025-07-21,2025-07-24,185
SKU180,SUP003,2025-05-06,2025-05-30,2025-06-02,1228
SKU066,SUP011,2025-01-07,2025-01-25,,1463
SKU250,SUP010,2025-03-16,2025-03-19,2025-03-19,1760
SKU087,SUP003,2025-04-08,2025-04-13,2025-04-13,1216
SKU185,SUP012,2025-01-17,2025-02-10,2025-02-12,1068
SKU048,SUP011,2025-04-07,2025-04-18,2025-04-18,1459
SKU068,SUP003,2025-05-30,2025-06-21,2025-06-25,1344
SKU074,SUP002,2025-03-06,2025-03-27,,1885
SKU072,SUP008,2025-03-09,2025-03-19,2025-03-20,412
SKU228,SUP005,2025-03-31,2025-04-13,2025-04-13,627
SKU042,SUP010,2025-04-20,2025-05-01,2025-05-01,266
SKU073,SUP011,2025-05-27,2025-06-13,2025-06-13,1530
SKU085,SUP009,2025-02-08,2025-02-16,2025-02-20,528
SKU123,SUP003,2025-05-01,2025-05-09,2025-05-09,492
SKU204,SUP002,2025-01-05,2025-01-16,2025-01-20,232
SKU253,SUP010,2025-04-03,2025-04-17,2025-04-17,1760
SKU234,SUP001,2025-03-02,2025-03-10,2025-03-14,1236
SKU191,SUP007,2025-03-04,2025-03-14,2025-03-15,1120
SKU132,SUP007,2025-02-17,2025-03-14,2025-03-14,1157
SKU070,SUP010,2025-04-20,2025-04-24,,1349
SKU095,SUP012,2025-02-10,2025-03-08,2025-03-12,794
SKU068,SUP003,2025-01-28,2025-02-16,2025-02-17,922
SKU119,SUP015,2025-05-14,2025-05-17,2025-05-18,590
SKU175,SUP002,2025-03-24,2025-04-19,,923
SKU120,SUP014,2025-01-17,2025-02-17,2025-02-19,109
SKU210,SUP001,2025-04-28,2025-05-13,2025-05-14,579
SKU035,SUP012,2025-02-02,2025-02-05,2025-02-05,840
SKU001,SUP011,2025-02-03,2025-02-25,2025-02-27,874
SKU080,SUP010,2025-06-06,2025-06-30,2025-07-02,381
SKU112,SUP010,2025-05-02,2025-05-30,2025-05-30,1440
SKU058,SUP013,2025-02-03,2025-02-19,2025-02-18,1597
SKU227,SUP001,2025-02-28,2025-03-11,2025-03-12,489
SKU180,SUP008,2025-03-12,2025-03-30,2025-04-03,963
SKU059,SUP006,2025-03-10,2025-03-22,2025-03-22,1350
SKU081,SUP009,2025-04-24,2025-05-04,2025-05-08,498
SKU197,SUP002,2025-02-06,2025-03-06,2025-03-07,1815
SKU222,SUP009,2025-05-02,2025-05-20,2025-05-20,915
SKU135,SUP008,2025-01-08,2025-01-25,2025-01-26,1693
SKU140,SUP004,2025-06-08,2025-07-01,2025-07-01,266
SKU233,SUP003,2025-03-12,2025-03-22,2025-03-26,1838
SKU029,SUP014,2025-04-03,2025-04-29,2025-04-29,1846
SKU184,SUP013,2025-05-17,2025-06-08,2025-06-11,1083
SKU135,SUP006,2025-05-14,2025-05-28,2025-05-31,815
SKU061,SUP012,2025-02-11,2025-03-07,,1208
SKU020,SUP004,2025-06-13,2025-06-25,2025-06-28,1888
SKU252,SUP010,2025-04-09,2025-04-15,2025-04-15,1301
SKU106,SUP003,2025-05-17,2025-05-24,2025-05-27,1071
SKU257,SUP010,2025-05-30,2025-06-17,,1843
SKU115,SUP001,2025-03-28,2025-04-24,,1789
SKU141,SUP013,2025-05-26,2025-06-17,2025-06-18,410
SKU089,SUP005,2025-02-27,2025-03-06,2025-03-08,1610
SKU072,SUP002,2025-04-20,2025-05-01,2025-05-02,1560
SKU152,SUP004,2025-04-10,2025-05-09,2025-05-13,1065
SKU069,SUP003,2025-04-19,2025-05-13,2025-05-15,683
SKU017,SUP001,2025-04-24,2025-05-01,2025-05-02,915
SKU173,SUP009,2025-04-27,2025-05-24,2025-05-28,207
SKU072,SUP008,2025-06-11,2025-06-21,2025-06-22,1239
SKU074,SUP007,2025-01-12,2025-02-04,2025-02-03,280
SKU157,SUP005,2025-02-28,2025-03-05,,1147
SKU080,SUP010,2025-05-12,2025-06-03,2025-06-02,447
SKU071,SUP015,2025-06-28,2025-07-01,2025-07-05,1820
SKU207,SUP002,2025-04-09,2025-04-18,2025-04-18,750
SKU227,SUP001,2025-03-13,2025-03-24,2025-03-27,1595
SKU140,SUP014,2025-06-08,2025-07-01,2025-07-03,1315
SKU077,SUP005,2025-04-18,2025-04-27,,976
SKU019,SUP014,2025-03-24,2025-03-31,2025-04-01,1799
SKU168,SUP008,2025-06-01,2025-06-09,2025-06-13,1293
SKU045,SUP012,2025-01-14,2025-01-30,,1769
SKU037,SUP009,2025-02-22,2025-03-03,2025-03-07,1822
SKU196,SUP009,2025-02-13,2025-03-18,2025-03-19,927
SKU090,SUP008,2025-01-08,2025-01-31,2025-02-01,1859
SKU197,SUP008,2025-04-06,2025-05-01,2025-05-02,1309
SKU168,SUP008,2025-02-20,2025-02-24,,1283
SKU208,SUP009,2025-01-01,2025-01-10,2025-01-11,1048
SKU008,SUP002,2025-06-02,2025-06-27,2025-06-28,1351
SKU128,SUP014,2025-03-03,2025-03-21,2025-03-20,447
SKU234,SUP001,2025-02-13,2025-02-24,2025-02-28,1771
SKU176,SUP008,2025-03-21,2025-04-03,2025-04-02,1506
SKU243,SUP001,2025-05-21,2025-05-23,,1650
SKU185,SUP008,2025-06-12,2025-07-03,2025-07-06,314
SKU173,SUP009,2025-02-09,2025-03-08,2025-03-12,798
SKU245,SUP010,2025-02-22,2025-03-06,2025-03-07,1513
SKU018,SUP004,2025-01-12,2025-01-23,2025-01-24,1728
SKU218,SUP013,2025-04-07,2025-05-05,2025-05-08,569
SKU077,SUP003,2025-01-09,2025-01-22,2025-01-23,271
SKU200,SUP010,2025-05-02,2025-05-12,2025-05-15,1099
SKU245,SUP010,2025-05-06,2025-05-14,2025-05-14,167
SKU161,SUP011,2025-05-15,2025-05-26,2025-05-28,406
SKU095,SUP004,2025-05-03,2025-05-31,2025-05-30,1496
SKU060,SUP003,2025-06-01,2025-06-15,,662
SKU178,SUP005,2025-03-12,2025-03-19,2025-03-21,1683
SKU057,SUP015,2025-03-23,2025-04-20,2025-04-23,560
SKU179,SUP008,2025-03-03,2025-03-27,2025-03-31,1578
SKU026,SUP001,2025-01-08,2025-02-01,2025-02-04,248
SKU025,SUP007,2025-05-23,2025-06-13,2025-06-14,524
SKU185,SUP008,2025-06-24,2025-07-18,2025-07-20,1688
SKU084,SUP014,2025-03-17,2025-04-10,2025-04-13,585
SKU088,SUP011,2025-01-07,2025-02-03,2025-02-05,1778
SKU221,SUP004,2025-05-23,2025-06-15,2025-06-19,1684
SKU014,SUP011,2025-01-15,2025-02-04,2025-02-05,1594
SKU093,SUP006,2025-02-22,2025-03-06,,280
SKU057,SUP012,2025-02-21,2025-03-21,2025-03-24,1383
SKU197,SUP003,2025-03-21,2025-04-14,2025-04-16,1378
SKU002,SUP015,2025-05-29,2025-06-25,2025-06-25,719
SKU212,SUP009,2025-01-26,2025-02-10,2025-02-09,711
SKU256,SUP010,2025-05-25,2025-06-19,2025-06-19,1228
SKU105,SUP002,2025-03-10,2025-03-19,2025-03-20,1535
SKU102,SUP002,2025-02-14,2025-03-12,2025-03-13,264
SKU193,SUP014,2025-05-25,2025-06-23,2025-06-23,1816
SKU030,SUP015,2025-03-13,2025-04-01,2025-04-05,498
SKU105,SUP002,2025-03-15,2025-03-21,2025-03-24,740
SKU258,SUP014,2025-05-27,2025-06-27,2025-07-01,1775
SKU027,SUP013,2025-01-15,2025-01-29,2025-01-28,159
SKU107,SUP006,2025-01-03,2025-01-22,2025-01-24,645
SKU096,SUP012,2025-03-30,2025-04-21,2025-04-22,345
SKU111,SUP012,2025-01-22,2025-02-20,2025-02-23,902
SKU107,SUP005,2025-03-24,2025-04-11,2025-04-12,210
SKU090,SUP010,2025-01-24,2025-02-18,2025-02-20,1136
SKU098,SUP015,2025-02-17,2025-02-28,2025-02-28,751
SKU149,SUP011,2025-02-13,2025-02-23,,1167
SKU078,SUP002,2025-06-11,2025-06-16,2025-06-18,573
SKU144,SUP001,2025-01-10,2025-01-24,2025-01-25,374
SKU187,SUP006,2025-01-08,2025-01-18,2025-01-22,1664
SKU087,SUP011,2025-02-15,2025-02-19,,1389
SKU175,SUP014,2025-02-24,2025-03-19,2025-03-19,1654
SKU156,SUP007,2025-06-05,2025-06-24,2025-06-26,1392
SKU043,SUP003,2025-05-19,2025-05-31,2025-05-31,127
SKU022,SUP009,2025-04-29,2025-05-08,2025-05-07,1423
SKU170,SUP011,2025-04-07,2025-04-30,2025-05-02,1197
SKU090,SUP010,2025-03-17,2025-04-09,2025-04-08,1901
SKU086,SUP007,2025-04-18,2025-05-13,,803
SKU086,SUP007,2025-04-17,2025-05-12,,159
SKU250,SUP013,2025-04-16,2025-04-20,,1668
SKU044,SUP008,2025-06-14,2025-06-29,,1979
SKU225,SUP005,2025-06-21,2025-07-06,2025-07-05,1879
SKU152,SUP003,2025-05-19,2025-06-15,2025-06-15,1891
SKU071,SUP015,2025-01-28,2025-02-01,2025-02-04,824
SKU111,SUP012,2025-02-04,2025-03-07,2025-03-07,1696
SKU115,SUP002,2025-03-05,2025-03-31,2025-04-01,424
SKU067,SUP009,2025-06-24,2025-07-21,2025-07-24,1059
SKU054,SUP008,2025-03-08,2025-03-23,2025-03-22,1081
SKU047,SUP008,2025-01-21,2025-02-03,2025-02-02,1021
SKU235,SUP010,2025-05-29,2025-06-09,2025-06-12,657
SKU047,SUP008,2025-02-28,2025-03-13,2025-03-17,920
SKU144,SUP001,2025-03-31,2025-04-14,2025-04-18,1039
SKU222,SUP014,2025-04-26,2025-05-12,2025-05-15,1142
SKU117,SUP002,2025-06-12,2025-06-27,2025-06-27,360
SKU016,SUP013,2025-06-09,2025-06-24,2025-06-26,119
SKU112,SUP010,2025-04-30,2025-05-23,2025-05-23,1636
SKU058,SUP013,2025-06-21,2025-07-06,2025-07-06,473
SKU110,SUP008,2025-03-29,2025-04-05,2025-04-08,1931
SKU034,SUP010,2025-02-14,2025-03-01,2025-03-02,1713
SKU078,SUP002,2025-06-21,2025-06-26,2025-06-28,1112
SKU007,SUP010,2025-06-09,2025-07-06,2025-07-10,169
SKU216,SUP015,2025-03-21,2025-04-10,2025-04-13,297
SKU216,SUP008,2025-02-22,2025-03-14,2025-03-15,1289
SKU103,SUP003,2025-03-18,2025-03-29,2025-04-01,1940
SKU169,SUP013,2025-05-21,2025-06-03,2025-06-06,636
SKU194,SUP003,2025-04-10,2025-04-25,2025-04-25,885
SKU254,SUP011,2025-02-01,2025-03-04,2025-03-03,1465
SKU013,SUP013,2025-05-25,2025-06-16,,1585
SKU046,SUP010,2025-04-29,2025-05-17,2025-05-19,844
SKU094,SUP012,2025-01-26,2025-02-04,2025-02-08,625
SKU085,SUP009,2025-03-13,2025-03-23,2025-03-26,954
SKU175,SUP007,2025-05-13,2025-06-10,,670
SKU203,SUP011,2025-02-28,2025-04-02,2025-04-05,433
SKU113,SUP004,2025-04-16,2025-05-07,2025-05-11,1970
SKU016,SUP001,2025-04-30,2025-05-15,2025-05-14,1522
SKU196,SUP009,2025-06-11,2025-07-10,,643
SKU231,SUP009,2025-04-26,2025-04-28,2025-05-02,772
SKU087,SUP003,2025-02-24,2025-03-01,2025-03-04,1761
SKU251,SUP003,2025-03-25,2025-04-09,2025-04-10,177
SKU030,SUP013,2025-05-16,2025-06-04,2025-06-04,1685
SKU258,SUP005,2025-04-14,2025-05-15,,1763
SKU104,SUP004,2025-04-05,2025-04-25,2025-04-27,1364
SKU013,SUP013,2025-06-21,2025-07-13,2025-07-16,124
SKU166,SUP011,2025-03-28,2025-04-06,2025-04-10,1951
SKU141,SUP013,2025-04-13,2025-05-04,2025-05-08,995
SKU254,SUP011,2025-01-08,2025-02-04,2025-02-06,1823
SKU022,SUP014,2025-02-09,2025-02-18,,1721
SKU133,SUP011,2025-01-13,2025-01-23,2025-01-22,1587
SKU166,SUP011,2025-03-09,2025-03-14,2025-03-17,547
SKU178,SUP008,2025-03-28,2025-04-08,2025-04-09,1324
SKU107,SUP008,2025-06-02,2025-06-19,2025-06-22,1260
SKU247,SUP014,2025-06-15,2025-07-12,2025-07-11,679
SKU221,SUP001,2025-02-23,2025-03-19,2025-03-18,1612
SKU100,SUP014,2025-03-18,2025-03-28,2025-03-31,974
SKU201,SUP015,2025-04-30,2025-05-15,2025-05-17,991
SKU078,SUP002,2025-06-28,2025-07-06,2025-07-09,1396
SKU179,SUP013,2025-05-12,2025-06-05,2025-06-07,1976
SKU109,SUP009,2025-01-17,2025-02-05,2025-02-08,1714
SKU061,SUP009,2025-05-01,2025-05-27,2025-05-26,595
SKU020,SUP006,2025-02-28,2025-03-13,2025-03-17,817
SKU145,SUP012,2025-03-24,2025-04-20,,1577
SKU187,SUP008,2025-04-07,2025-04-17,2025-04-17,150
SKU051,SUP007,2025-03-28,2025-04-03,2025-04-03,830
SKU057,SUP004,2025-06-15,2025-07-16,,864
SKU199,SUP014,2025-06-29,2025-07-27,2025-07-28,1900
SKU020,SUP004,2025-02-19,2025-03-05,,1008
SKU010,SUP011,2025-03-06,2025-03-22,2025-03-26,1397
SKU194,SUP003,2025-06-21,2025-07-05,2025-07-05,1592
SKU026,SUP001,2025-01-08,2025-02-02,2025-02-03,853
SKU054,SUP002,2025-05-26,2025-06-12,2025-06-16,698
SKU099,SUP007,2025-03-21,2025-04-18,,1625
SKU141,SUP013,2025-02-16,2025-03-10,2025-03-10,308
SKU165,SUP003,2025-03-27,2025-04-19,2025-04-19,1555
SKU151,SUP005,2025-04-07,2025-04-24,2025-04-28,707
SKU227,SUP001,2025-02-16,2025-02-26,2025-02-25,1072
SKU118,SUP009,2025-01-05,2025-01-24,2025-01-27,1787
SKU128,SUP009,2025-01-21,2025-02-11,2025-02-14,1751
SKU188,SUP009,2025-02-26,2025-03-13,,1273
SKU162,SUP010,2025-06-05,2025-07-08,2025-07-08,1786
SKU002,SUP012,2025-05-25,2025-06-20,,680
SKU121,SUP011,2025-04-19,2025-05-02,,1216
SKU103,SUP003,2025-06-24,2025-07-03,2025-07-04,1939
SKU062,SUP002,2025-05-27,2025-06-21,,1743
SKU258,SUP013,2025-04-23,2025-05-25,,1060
SKU166,SUP011,2025-01-11,2025-01-16,2025-01-16,859
SKU055,SUP004,2025-01-17,2025-02-15,2025-02-19,407
SKU138,SUP015,2025-06-05,2025-06-14,2025-06-14,1427
SKU027,SUP006,2025-04-14,2025-04-26,2025-04-26,680
SKU021,SUP010,2025-04-12,2025-04-21,2025-04-25,972
SKU229,SUP009,2025-01-02,2025-01-09,2025-01-09,335
SKU162,SUP010,2025-01-20,2025-02-16,2025-02-18,1966
SKU125,SUP004,2025-02-16,2025-03-18,2025-03-20,904
SKU162,SUP015,2025-05-26,2025-06-27,2025-06-26,1823
SKU093,SUP010,2025-05-03,2025-05-14,2025-05-17,920
SKU135,SUP002,2025-01-24,2025-02-09,2025-02-08,328
SKU020,SUP005,2025-06-14,2025-06-24,2025-06-27,614
SKU193,SUP014,2025-06-08,2025-07-02,2025-07-01,1051
SKU034,SUP009,2025-03-03,2025-03-14,2025-03-13,1968
SKU257,SUP003,2025-02-16,2025-03-04,2025-03-06,621
SKU126,SUP008,2025-06-04,2025-06-28,2025-06-29,785
SKU074,SUP004,2025-05-22,2025-06-14,,600
SKU110,SUP008,2025-03-08,2025-03-17,,838
SKU010,SUP011,2025-06-10,2025-06-25,2025-06-26,387
SKU112,SUP010,2025-01-24,2025-02-17,,267
SKU109,SUP009,2025-06-21,2025-07-11,2025-07-13,644
SKU205,SUP005,2025-05-27,2025-06-07,2025-06-11,1379
SKU219,SUP002,2025-06-02,2025-06-25,2025-06-27,255
SKU151,SUP007,2025-06-19,2025-07-08,2025-07-10,1006
SKU155,SUP015,2025-01-21,2025-02-06,2025-02-09,441
SKU035,SUP012,2025-02-16,2025-02-23,2025-02-27,757
SKU159,SUP005,2025-05-05,2025-05-21,2025-05-25,1084
SKU232,SUP006,2025-04-21,2025-05-11,2025-05-15,1238
SKU090,SUP008,2025-02-07,2025-03-02,,459
SKU215,SUP003,2025-01-15,2025-01-21,2025-01-20,1251
SKU211,SUP014,2025-06-25,2025-07-07,,1629
SKU014,SUP011,2025-06-03,2025-06-26,2025-06-30,968
SKU056,SUP006,2025-04-15,2025-04-20,2025-04-19,1746
SKU038,SUP013,2025-03-03,2025-03-05,,332
SKU036,SUP011,2025-06-06,2025-06-19,2025-06-19,1378
SKU228,SUP005,2025-05-21,2025-06-04,2025-06-03,1400
SKU069,SUP014,2025-03-11,2025-04-08,2025-04-10,583
SKU036,SUP011,2025-06-10,2025-06-24,2025-06-25,683
SKU248,SUP001,2025-04-06,2025-04-18,2025-04-22,628
SKU107,SUP006,2025-02-07,2025-02-26,2025-02-26,1303
SKU181,SUP006,2025-03-04,2025-03-10,,638
SKU146,SUP010,2025-03-27,2025-04-13,,1342
SKU118,SUP009,2025-03-22,2025-04-12,,1429
SKU142,SUP005,2025-04-21,2025-05-24,2025-05-25,1982
SKU128,SUP013,2025-05-13,2025-06-02,2025-06-05,1193
SKU070,SUP010,2025-05-12,2025-05-18,,1260
SKU131,SUP006,2025-06-25,2025-07-20,2025-07-19,156
SKU181,SUP014,2025-05-24,2025-06-01,2025-06-01,715
SKU055,SUP002,2025-03-31,2025-04-29,2025-04-28,1055
SKU187,SUP008,2025-01-08,2025-01-14,2025-01-15,1034
SKU211,SUP014,2025-02-07,2025-02-19,2025-02-21,1183
SKU066,SUP011,2025-05-22,2025-06-13,2025-06-15,1811
SKU039,SUP004,2025-04-21,2025-05-20,2025-05-20,1166
SKU110,SUP009,2025-04-10,2025-04-20,2025-04-21,1772
SKU167,SUP007,2025-03-12,2025-04-04,,1459
SKU067,SUP009,2025-05-18,2025-06-13,2025-06-16,1889
SKU101,SUP012,2025-03-28,2025-04-14,2025-04-18,458
SKU249,SUP002,2025-06-04,2025-07-01,2025-07-02,525
SKU091,SUP012,2025-06-05,2025-07-06,2025-07-06,1556
SKU126,SUP002,2025-05-29,2025-06-22,2025-06-26,1583
SKU020,SUP006,2025-02-18,2025-02-28,2025-03-03,368
SKU003,SUP002,2025-01-16,2025-02-10,2025-02-13,1962
SKU133,SUP005,2025-05-07,2025-05-14,,124
SKU059,SUP006,2025-06-05,2025-06-13,2025-06-16,821
SKU057,SUP015,2025-02-23,2025-03-21,2025-03-25,1928
SKU252,SUP010,2025-02-17,2025-02-24,2025-02-28,1043
SKU013,SUP013,2025-02-13,2025-03-07,2025-03-07,280
SKU014,SUP006,2025-05-01,2025-05-23,,1337
SKU150,SUP008,2025-04-01,2025-04-28,2025-04-28,1532
SKU031,SUP002,2025-03-22,2025-03-30,2025-03-30,1597
SKU036,SUP011,2025-05-12,2025-05-23,2025-05-22,620
SKU030,SUP011,2025-02-14,2025-03-05,2025-03-08,1658
SKU016,SUP001,2025-03-13,2025-03-28,2025-03-30,1353
SKU107,SUP006,2025-01-07,2025-01-26,2025-01-26,1424
SKU175,SUP002,2025-06-01,2025-06-26,2025-06-29,1939
SKU163,SUP009,2025-01-16,2025-02-03,2025-02-05,1083
SKU239,SUP002,2025-02-14,2025-03-09,,1889
SKU107,SUP005,2025-04-28,2025-05-19,2025-05-20,693
SKU054,SUP011,2025-06-14,2025-07-01,2025-07-05,1557
SKU065,SUP011,2025-04-11,2025-04-22,2025-04-25,1171
SKU255,SUP008,2025-03-23,2025-04-21,,1568
SKU084,SUP014,2025-01-29,2025-02-23,2025-02-27,727
SKU047,SUP008,2025-04-13,2025-04-23,2025-04-23,959
SKU077,SUP003,2025-02-13,2025-02-23,2025-02-22,1692
SKU058,SUP009,2025-06-06,2025-06-18,2025-06-17,470
SKU075,SUP002,2025-03-19,2025-04-15,2025-04-16,320
SKU164,SUP011,2025-04-29,2025-05-05,2025-05-05,287
SKU191,SUP004,2025-04-29,2025-05-08,2025-05-10,1931
SKU019,SUP014,2025-02-16,2025-02-20,,1269
SKU066,SUP011,2025-01-05,2025-01-27,2025-01-29,1217
SKU106,SUP003,2025-05-13,2025-05-16,2025-05-18,1643
SKU159,SUP005,2025-05-29,2025-06-14,2025-06-16,1597
SKU168,SUP008,2025-01-15,2025-01-18,,1178
SKU258,SUP013,2025-06-21,2025-07-22,2025-07-22,1042
SKU209,SUP008,2025-01-30,2025-02-20,2025-02-24,1720
SKU134,SUP010,2025-02-10,2025-02-18,2025-02-18,1949
SKU060,SUP003,2025-01-27,2025-02-11,2025-02-14,173
SKU066,SUP011,2025-06-17,2025-07-10,2025-07-09,969
SKU237,SUP004,2025-04-20,2025-05-20,2025-05-24,1005
SKU107,SUP006,2025-03-17,2025-04-03,2025-04-06,1753
SKU061,SUP009,2025-05-13,2025-06-08,,1686
SKU052,SUP011,2025-05-02,2025-06-03,2025-06-02,1168
SKU245,SUP010,2025-01-28,2025-02-09,2025-02-08,948
SKU062,SUP015,2025-06-15,2025-07-09,2025-07-11,1400
SKU094,SUP012,2025-06-24,2025-06-30,2025-07-03,998
SKU163,SUP014,2025-05-22,2025-06-10,2025-06-12,272
SKU064,SUP005,2025-03-07,2025-03-31,2025-04-03,1722
SKU067,SUP009,2025-01-03,2025-02-02,2025-02-03,277
SKU017,SUP001,2025-02-09,2025-02-13,2025-02-17,1317
SKU149,SUP011,2025-04-30,2025-05-10,2025-05-13,152
SKU076,SUP001,2025-06-25,2025-07-19,2025-07-19,1298
SKU234,SUP001,2025-02-08,2025-02-15,,1641
SKU021,SUP006,2025-03-15,2025-03-25,2025-03-24,1851
SKU206,SUP002,2025-06-22,2025-07-16,2025-07-18,1593
SKU093,SUP014,2025-03-24,2025-04-07,2025-04-10,606
SKU021,SUP010,2025-04-30,2025-05-08,,513
SKU071,SUP015,2025-02-19,2025-02-28,2025-02-27,1767
SKU013,SUP013,2025-06-24,2025-07-18,2025-07-17,646
SKU014,SUP004,2025-05-21,2025-06-15,,824
SKU003,SUP005,2025-02-09,2025-03-04,2025-03-05,868
SKU116,SUP006,2025-06-04,2025-07-01,2025-07-05,943
SKU238,SUP003,2025-06-01,2025-06-07,2025-06-11,748
SKU230,SUP010,2025-05-21,2025-06-14,2025-06-17,406
SKU036,SUP011,2025-03-12,2025-03-23,2025-03-25,1649
SKU237,SUP012,2025-03-15,2025-04-10,2025-04-14,1832
SKU252,SUP011,2025-01-26,2025-02-02,2025-02-04,1903
SKU075,SUP009,2025-03-04,2025-03-28,2025-03-31,374
SKU018,SUP004,2025-06-20,2025-07-02,2025-07-03,225
SKU255,SUP008,2025-03-13,2025-04-10,2025-04-12,1858
SKU217,SUP008,2025-03-21,2025-04-03,2025-04-07,433
SKU205,SUP014,2025-03-17,2025-03-30,2025-03-30,1350
SKU122,SUP009,2025-04-12,2025-04-26,2025-04-30,356
SKU017,SUP001,2025-01-16,2025-01-19,2025-01-18,1182
SKU140,SUP014,2025-02-10,2025-03-08,,1390
SKU008,SUP002,2025-05-14,2025-06-09,,454
SKU072,SUP015,2025-04-23,2025-05-02,2025-05-05,1118
SKU120,SUP014,2025-03-12,2025-04-14,2025-04-18,1226
SKU124,SUP002,2025-05-03,2025-05-31,2025-06-02,492
SKU109,SUP009,2025-05-01,2025-05-19,2025-05-18,1543
SKU027,SUP002,2025-01-17,2025-01-26,2025-01-29,1603
SKU032,SUP012,2025-01-09,2025-01-27,2025-01-29,100
SKU249,SUP005,2025-03-04,2025-03-28,,1969
SKU201,SUP011,2025-06-01,2025-06-18,2025-06-17,295
SKU202,SUP011,2025-05-15,2025-05-26,2025-05-26,1678
SKU057,SUP012,2025-05-22,2025-06-18,2025-06-19,739
SKU106,SUP003,2025-06-14,2025-06-22,2025-06-21,1702
SKU090,SUP008,2025-04-16,2025-05-10,2025-05-13,1965
SKU246,SUP015,2025-05-27,2025-06-22,2025-06-22,1565
SKU172,SUP004,2025-01-16,2025-01-25,2025-01-27,1828
SKU005,SUP006,2025-01-22,2025-01-31,2025-02-03,1956
SKU086,SUP012,2025-03-20,2025-04-11,2025-04-11,600
SKU063,SUP013,2025-03-01,2025-03-22,,1996
SKU128,SUP014,2025-03-12,2025-03-28,,1880
SKU140,SUP014,2025-02-15,2025-03-13,,248
SKU130,SUP002,2025-04-19,2025-05-21,2025-05-24,1628
SKU244,SUP014,2025-05-06,2025-05-19,2025-05-23,1672
SKU008,SUP002,2025-03-18,2025-04-13,2025-04-15,1053
SKU018,SUP013,2025-03-24,2025-04-06,2025-04-06,1584
SKU215,SUP003,2025-02-02,2025-02-07,2025-02-07,1225
SKU127,SUP014,2025-03-10,2025-03-29,2025-03-29,1154
SKU063,SUP013,2025-03-28,2025-04-22,2025-04-22,510
SKU080,SUP015,2025-01-16,2025-02-10,2025-02-09,1917
SKU028,SUP009,2025-03-18,2025-04-10,2025-04-14,1430
SKU076,SUP013,2025-05-02,2025-05-25,2025-05-26,861
SKU057,SUP004,2025-04-26,2025-05-27,2025-05-26,563
SKU166,SUP004,2025-06-07,2025-06-11,2025-06-15,633
SKU108,SUP007,2025-01-15,2025-02-03,2025-02-06,1236
SKU168,SUP008,2025-04-07,2025-04-13,2025-04-14,326
SKU016,SUP001,2025-04-08,2025-04-24,2025-04-26,1743
SKU161,SUP011,2025-06-10,2025-06-27,2025-06-29,1890
SKU218,SUP013,2025-02-14,2025-03-19,,689
SKU116,SUP003,2025-05-28,2025-06-26,2025-06-28,793
SKU034,SUP010,2025-02-19,2025-03-01,2025-03-05,1533
SKU179,SUP005,2025-03-25,2025-04-13,2025-04-15,1710
SKU202,SUP007,2025-05-31,2025-06-14,2025-06-15,592
SKU134,SUP013,2025-03-07,2025-03-18,2025-03-21,1616
SKU114,SUP011,2025-06-20,2025-06-24,,1354
SKU105,SUP002,2025-06-14,2025-06-23,2025-06-24,261
SKU245,SUP010,2025-01-31,2025-02-12,2025-02-14,891
SKU182,SUP001,2025-05-25,2025-06-10,2025-06-11,1539
SKU175,SUP007,2025-02-16,2025-03-15,2025-03-16,449
SKU145,SUP005,2025-04-21,2025-05-22,,884
SKU014,SUP002,2025-02-19,2025-03-10,2025-03-12,1160
SKU014,SUP004,2025-05-03,2025-05-24,,1452
SKU102,SUP010,2025-03-24,2025-04-20,2025-04-19,1710
SKU022,SUP009,2025-02-15,2025-02-22,2025-02-23,1243
SKU246,SUP015,2025-02-07,2025-03-05,2025-03-09,493
SKU136,SUP001,2025-01-08,2025-01-16,2025-01-16,1886
SKU087,SUP011,2025-05-30,2025-06-01,2025-06-02,931
SKU258,SUP013,2025-01-26,2025-02-24,2025-02-27,708
SKU212,SUP003,2025-01-08,2025-01-27,,207
SKU067,SUP009,2025-06-23,2025-07-19,2025-07-20,1822
SKU200,SUP010,2025-06-12,2025-06-25,2025-06-27,1756
SKU077,SUP003,2025-06-28,2025-07-09,2025-07-11,1275
SKU164,SUP013,2025-05-02,2025-05-09,2025-05-13,1029
SKU146,SUP001,2025-02-22,2025-03-11,2025-03-14,1776
SKU214,SUP002,2025-01-13,2025-01-26,2025-01-27,1552
SKU165,SUP014,2025-02-23,2025-03-21,2025-03-25,854
SKU231,SUP009,2025-06-11,2025-06-15,2025-06-14,357
SKU234,SUP001,2025-03-21,2025-03-27,2025-03-31,1817
SKU206,SUP002,2025-03-22,2025-04-13,2025-04-17,564
SKU208,SUP009,2025-02-09,2025-02-20,2025-02-22,975
SKU180,SUP005,2025-03-15,2025-04-08,2025-04-07,583
SKU210,SUP012,2025-01-23,2025-02-04,2025-02-03,1825
SKU182,SUP011,2025-03-27,2025-04-16,2025-04-15,1798
SKU067,SUP009,2025-02-03,2025-02-28,2025-03-03,1782
SKU222,SUP002,2025-01-15,2025-02-01,2025-02-01,906
SKU241,SUP006,2025-06-09,2025-07-01,2025-07-02,613
SKU239,SUP002,2025-05-06,2025-05-25,,1353
SKU028,SUP014,2025-03-12,2025-04-01,2025-03-31,1498
SKU041,SUP007,2025-01-04,2025-01-08,2025-01-10,145
SKU159,SUP005,2025-01-07,2025-01-19,2025-01-22,1295
SKU078,SUP002,2025-06-09,2025-06-17,,1243
SKU196,SUP009,2025-01-21,2025-02-18,2025-02-21,905
SKU052,SUP011,2025-03-13,2025-04-11,2025-04-13,985
SKU035,SUP012,2025-05-25,2025-05-27,,919
SKU140,SUP014,2025-02-17,2025-03-14,,1300
SKU052,SUP011,2025-03-20,2025-04-15,2025-04-19,124
SKU256,SUP006,2025-04-04,2025-04-29,,1650
SKU178,SUP005,2025-05-02,2025-05-10,2025-05-10,726
SKU039,SUP004,2025-04-18,2025-05-13,2025-05-15,1926
SKU047,SUP008,2025-02-05,2025-02-19,2025-02-22,1269
SKU065,SUP011,2025-01-08,2025-01-19,2025-01-20,855
SKU181,SUP003,2025-03-26,2025-04-03,2025-04-04,1941
SKU099,SUP003,2025-02-20,2025-03-15,2025-03-17,1292
SKU072,SUP008,2025-03-21,2025-04-03,2025-04-06,1559
SKU049,SUP013,2025-02-16,2025-03-02,2025-03-05,161
SKU157,SUP005,2025-05-05,2025-05-14,2025-05-17,725
SKU079,SUP004,2025-04-16,2025-04-22,2025-04-25,1808
SKU002,SUP010,2025-04-23,2025-05-17,2025-05-16,1231
SKU180,SUP008,2025-02-06,2025-02-26,2025-02-27,543
SKU083,SUP001,2025-05-26,2025-06-21,2025-06-23,717
SKU107,SUP005,2025-01-06,2025-01-23,,1591
SKU202,SUP007,2025-06-04,2025-06-18,,1957
SKU085,SUP003,2025-01-24,2025-02-05,2025-02-05,1951
SKU009,SUP007,2025-02-25,2025-03-25,2025-03-26,858
SKU235,SUP009,2025-04-10,2025-04-25,2025-04-24,1168
SKU139,SUP012,2025-05-28,2025-06-18,,712
SKU105,SUP002,2025-05-20,2025-05-28,,1933
SKU133,SUP002,2025-06-04,2025-06-14,2025-06-16,1428
SKU234,SUP001,2025-05-29,2025-06-04,,1363
SKU058,SUP002,2025-01-26,2025-02-08,2025-02-07,316
SKU023,SUP010,2025-06-07,2025-07-01,2025-07-02,1538
SKU134,SUP010,2025-03-18,2025-03-30,2025-03-30,664
SKU099,SUP003,2025-05-25,2025-06-19,2025-06-23,1898
SKU224,SUP008,2025-05-19,2025-06-11,2025-06-15,1885
SKU078,SUP002,2025-02-10,2025-02-16,2025-02-19,1981
SKU082,SUP015,2025-01-09,2025-01-18,,660
SKU040,SUP010,2025-04-17,2025-05-01,2025-05-04,1378
SKU033,SUP014,2025-01-23,2025-02-08,2025-02-07,561
SKU078,SUP002,2025-03-21,2025-03-26,2025-03-28,458
SKU090,SUP001,2025-06-09,2025-06-30,2025-07-03,1269
SKU141,SUP013,2025-01-30,2025-02-20,2025-02-22,892
SKU050,SUP013,2025-05-14,2025-05-25,2025-05-29,1409
SKU094,SUP012,2025-02-10,2025-02-19,2025-02-21,931
SKU098,SUP002,2025-03-31,2025-04-10,2025-04-12,1316
SKU055,SUP004,2025-05-03,2025-06-03,,607
SKU025,SUP007,2025-03-10,2025-04-01,2025-04-05,521
SKU120,SUP014,2025-02-04,2025-03-03,2025-03-07,1517
SKU028,SUP014,2025-04-10,2025-05-04,,1016
SKU092,SUP007,2025-01-06,2025-01-24,2025-01-26,910
SKU047,SUP008,2025-04-09,2025-04-22,2025-04-24,1789
SKU115,SUP002,2025-01-02,2025-01-28,,1645
SKU214,SUP014,2025-06-20,2025-07-04,2025-07-08,952
SKU213,SUP006,2025-06-21,2025-07-24,,1324
SKU149,SUP006,2025-03-15,2025-03-25,2025-03-24,1673
SKU044,SUP008,2025-06-11,2025-06-28,2025-06-30,697
SKU043,SUP003,2025-02-09,2025-02-21,,1098
SKU020,SUP006,2025-04-19,2025-04-28,2025-04-30,1159
SKU045,SUP004,2025-01-28,2025-02-08,2025-02-10,190
SKU038,SUP005,2025-04-04,2025-04-10,2025-04-14,832
SKU187,SUP007,2025-04-13,2025-04-19,2025-04-21,1863
SKU123,SUP015,2025-03-21,2025-03-25,2025-03-28,1285
SKU214,SUP015,2025-04-30,2025-05-12,2025-05-13,903
SKU189,SUP011,2025-05-02,2025-05-22,2025-05-26,453
SKU136,SUP013,2025-01-27,2025-02-07,2025-02-11,1074
SKU025,SUP003,2025-05-26,2025-06-15,,208
SKU222,SUP009,2025-03-18,2025-04-07,2025-04-06,1104
SKU137,SUP004,2025-06-14,2025-07-10,2025-07-14,1382
SKU111,SUP012,2025-06-10,2025-07-11,2025-07-15,661
SKU175,SUP007,2025-03-24,2025-04-20,2025-04-21,1469
SKU081,SUP009,2025-04-28,2025-05-10,2025-05-12,860
SKU147,SUP010,2025-06-28,2025-07-27,2025-07-28,168
SKU094,SUP012,2025-04-23,2025-04-29,2025-04-29,303
SKU042,SUP010,2025-06-03,2025-06-10,2025-06-12,468
SKU212,SUP009,2025-04-11,2025-04-27,2025-04-27,355
SKU098,SUP015,2025-05-30,2025-06-10,2025-06-09,935
SKU243,SUP004,2025-02-26,2025-02-28,2025-03-02,428
SKU216,SUP003,2025-02-24,2025-03-18,2025-03-17,1661
SKU177,SUP015,2025-06-22,2025-07-14,2025-07-13,1700
SKU069,SUP004,2025-01-09,2025-02-04,,784
SKU028,SUP014,2025-05-23,2025-06-16,,1319
SKU203,SUP011,2025-03-26,2025-04-27,2025-04-28,1313
SKU012,SUP004,2025-01-30,2025-02-09,2025-02-11,1417
SKU143,SUP007,2025-06-29,2025-07-25,2025-07-27,1144
SKU145,SUP012,2025-05-26,2025-06-22,2025-06-24,1289
SKU140,SUP014,2025-04-23,2025-05-16,2025-05-16,870
SKU255,SUP008,2025-05-29,2025-06-27,2025-06-28,1616
SKU087,SUP011,2025-06-16,2025-06-21,2025-06-22,1041
SKU223,SUP010,2025-05-28,2025-06-22,2025-06-26,1081
SKU041,SUP005,2025-05-17,2025-05-27,2025-05-31,1907
SKU032,SUP006,2025-05-22,2025-06-06,2025-06-08,1912
SKU043,SUP003,2025-04-30,2025-05-09,,1171
SKU198,SUP001,2025-01-31,2025-02-13,2025-02-12,997
SKU052,SUP011,2025-02-14,2025-03-16,2025-03-15,1673
SKU231,SUP009,2025-01-06,2025-01-11,2025-01-12,797
SKU201,SUP011,2025-01-13,2025-01-29,2025-02-02,1879
SKU258,SUP014,2025-02-05,2025-03-07,2025-03-06,804
SKU050,SUP007,2025-02-01,2025-02-10,2025-02-14,1945
SKU047,SUP008,2025-01-14,2025-01-28,2025-01-29,1470
SKU101,SUP003,2025-04-17,2025-05-07,2025-05-09,1671
SKU018,SUP013,2025-06-12,2025-06-23,2025-06-23,363
SKU208,SUP009,2025-01-15,2025-01-26,2025-01-30,1849
SKU064,SUP006,2025-02-25,2025-03-20,2025-03-23,1139
SKU197,SUP008,2025-05-08,2025-06-04,,204
SKU182,SUP001,2025-01-31,2025-02-14,2025-02-15,1444
SKU221,SUP001,2025-05-24,2025-06-13,2025-06-13,889
SKU041,SUP007,2025-05-27,2025-05-31,,936
SKU167,SUP012,2025-03-15,2025-04-10,,863
SKU111,SUP012,2025-06-29,2025-07-27,2025-07-27,123
SKU026,SUP012,2025-03-31,2025-04-25,2025-04-28,817
SKU258,SUP013,2025-01-27,2025-02-22,2025-02-22,1371
SKU118,SUP009,2025-01-09,2025-01-30,2025-01-29,126
SKU081,SUP009,2025-03-25,2025-04-09,2025-04-11,950
SKU084,SUP001,2025-02-09,2025-03-11,2025-03-10,1182
SKU241,SUP009,2025-04-22,2025-05-15,2025-05-14,1552
SKU146,SUP001,2025-03-01,2025-03-18,2025-03-19,1649
SKU103,SUP003,2025-02-25,2025-03-07,2025-03-09,977
SKU217,SUP009,2025-02-05,2025-02-13,2025-02-12,1834
SKU048,SUP015,2025-03-10,2025-03-17,2025-03-17,1862
SKU230,SUP010,2025-06-27,2025-07-20,,1713
SKU206,SUP009,2025-05-12,2025-06-08,2025-06-08,945
SKU250,SUP007,2025-04-16,2025-04-22,,1133
SKU123,SUP003,2025-06-04,2025-06-08,2025-06-10,682
SKU137,SUP013,2025-04-08,2025-05-02,2025-05-02,956
SKU139,SUP013,2025-01-17,2025-02-09,2025-02-10,439
SKU221,SUP007,2025-02-13,2025-03-07,,268
SKU149,SUP011,2025-02-11,2025-02-20,2025-02-23,563
SKU238,SUP005,2025-02-22,2025-02-28,2025-03-03,1048
SKU104,SUP004,2025-06-22,2025-07-12,2025-07-11,804
SKU037,SUP009,2025-05-01,2025-05-14,2025-05-15,1859
SKU249,SUP014,2025-04-28,2025-05-24,2025-05-26,710
SKU176,SUP008,2025-01-15,2025-02-02,,1655
SKU046,SUP002,2025-06-11,2025-06-29,,558
SKU203,SUP011,2025-06-02,2025-07-04,2025-07-08,1196
SKU084,SUP001,2025-01-21,2025-02-15,2025-02-14,1696
SKU064,SUP005,2025-06-17,2025-07-07,2025-07-07,1956
SKU122,SUP013,2025-04-13,2025-04-27,2025-04-26,505
SKU070,SUP010,2025-05-18,2025-05-26,,1989
SKU031,SUP005,2025-04-18,2025-05-01,2025-05-03,1768
SKU163,SUP012,2025-04-06,2025-04-22,2025-04-25,1067
SKU192,SUP013,2025-04-16,2025-05-09,2025-05-10,631
SKU122,SUP002,2025-03-21,2025-04-02,2025-04-04,1292
SKU059,SUP006,2025-02-14,2025-02-21,2025-02-22,1905
SKU127,SUP005,2025-05-23,2025-06-11,,597
SKU016,SUP001,2025-01-09,2025-01-25,2025-01-29,1848
SKU015,SUP011,2025-03-13,2025-03-29,2025-03-29,1364
SKU115,SUP001,2025-05-28,2025-06-29,2025-06-29,485
SKU050,SUP002,2025-02-10,2025-02-23,2025-02-26,803
SKU203,SUP011,2025-01-05,2025-02-01,2025-02-03,178
SKU162,SUP015,2025-01-17,2025-02-14,2025-02-13,309
SKU078,SUP002,2025-02-25,2025-03-03,2025-03-02,1258
SKU010,SUP011,2025-03-10,2025-03-25,2025-03-28,1167
SKU132,SUP013,2025-01-18,2025-02-14,2025-02-18,1271
SKU172,SUP011,2025-01-19,2025-01-31,2025-02-03,545
SKU189,SUP015,2025-06-07,2025-06-23,,345
SKU236,SUP007,2025-02-02,2025-02-21,2025-02-21,1910
SKU071,SUP003,2025-05-27,2025-06-05,2025-06-07,1751
SKU005,SUP013,2025-04-18,2025-04-29,2025-05-02,1056
SKU013,SUP006,2025-01-25,2025-02-22,2025-02-23,1359
SKU010,SUP011,2025-02-19,2025-03-05,2025-03-05,769
SKU030,SUP015,2025-01-31,2025-02-19,2025-02-21,276
SKU035,SUP012,2025-01-23,2025-01-26,,326
SKU100,SUP012,2025-02-24,2025-03-02,2025-03-03,1251
SKU032,SUP012,2025-01-07,2025-01-21,,1343
SKU240,SUP007,2025-02-05,2025-03-07,2025-03-11,1644
SKU087,SUP012,2025-03-16,2025-03-18,,110
SKU122,SUP003,2025-03-16,2025-04-02,2025-04-04,1347
SKU153,SUP007,2025-03-16,2025-04-02,,1054
SKU197,SUP008,2025-02-11,2025-03-12,,293
SKU018,SUP013,2025-05-13,2025-05-24,,1710
SKU062,SUP015,2025-02-01,2025-02-25,,1801
SKU183,SUP001,2025-03-15,2025-03-24,2025-03-28,566
SKU096,SUP012,2025-05-02,2025-05-22,,407
SKU137,SUP013,2025-03-05,2025-03-29,2025-04-02,1218
SKU184,SUP015,2025-01-31,2025-02-20,2025-02-19,1192
SKU115,SUP001,2025-01-08,2025-02-03,2025-02-02,1740
SKU224,SUP008,2025-03-13,2025-04-05,2025-04-08,1206
SKU134,SUP010,2025-02-26,2025-03-07,2025-03-08,738
SKU191,SUP007,2025-03-16,2025-03-26,2025-03-27,161
SKU146,SUP002,2025-04-17,2025-05-06,2025-05-10,277
SKU149,SUP011,2025-01-29,2025-02-07,2025-02-07,1338
SKU132,SUP013,2025-03-26,2025-04-22,2025-04-21,690
SKU057,SUP015,2025-05-15,2025-06-12,2025-06-11,1418
SKU211,SUP014,2025-01-26,2025-02-06,2025-02-09,1343
SKU172,SUP001,2025-06-15,2025-06-26,,611
SKU189,SUP011,2025-04-15,2025-05-01,2025-04-30,975
SKU165,SUP012,2025-04-28,2025-05-25,2025-05-24,1653
SKU173,SUP009,2025-04-06,2025-05-03,,1619
SKU164,SUP005,2025-05-31,2025-06-07,2025-06-06,450
SKU071,SUP003,2025-04-02,2025-04-10,2025-04-13,626
SKU242,SUP011,2025-06-02,2025-06-16,2025-06-20,1573
SKU219,SUP002,2025-02-01,2025-02-27,,182
SKU218,SUP013,2025-01-14,2025-02-16,2025-02-18,438
SKU199,SUP014,2025-03-18,2025-04-16,2025-04-17,1330
SKU174,SUP001,2025-01-09,2025-01-23,2025-01-25,472
SKU019,SUP014,2025-06-05,2025-06-15,2025-06-18,1002
SKU204,SUP009,2025-05-22,2025-06-02,2025-06-03,1623
SKU110,SUP008,2025-03-10,2025-03-19,2025-03-21,1841
SKU006,SUP006,2025-01-31,2025-02-28,2025-03-03,678
SKU140,SUP014,2025-02-13,2025-03-09,,924
SKU109,SUP009,2025-04-30,2025-05-18,,1839
SKU021,SUP010,2025-06-28,2025-07-09,,344
SKU073,SUP012,2025-03-17,2025-03-30,2025-03-29,1465
SKU056,SUP006,2025-03-16,2025-03-20,,1129
SKU006,SUP015,2025-05-29,2025-06-22,2025-06-22,923
SKU010,SUP011,2025-03-28,2025-04-09,2025-04-11,724
SKU030,SUP015,2025-06-14,2025-07-06,2025-07-06,1228
SKU172,SUP011,2025-01-22,2025-02-06,,248
SKU172,SUP011,2025-04-24,2025-05-05,,306
SKU242,SUP006,2025-06-13,2025-06-29,2025-07-01,1062
SKU202,SUP014,2025-04-12,2025-04-27,2025-04-26,1848
SKU051,SUP007,2025-01-15,2025-01-18,2025-01-20,1133
SKU234,SUP001,2025-02-11,2025-02-20,2025-02-21,1753
SKU144,SUP001,2025-05-05,2025-05-15,2025-05-16,1538
SKU246,SUP012,2025-01-08,2025-02-01,2025-02-05,1693
SKU086,SUP012,2025-05-02,2025-05-24,,403
SKU132,SUP013,2025-05-16,2025-06-08,2025-06-10,856
SKU203,SUP011,2025-01-05,2025-02-02,2025-02-02,439
SKU001,SUP004,2025-03-23,2025-04-13,2025-04-17,702
SKU016,SUP001,2025-05-20,2025-06-02,2025-06-05,803
SKU151,SUP005,2025-06-04,2025-06-21,2025-06-24,1301
SKU223,SUP011,2025-01-17,2025-02-13,2025-02-13,442
SKU156,SUP013,2025-06-22,2025-07-11,2025-07-11,702
SKU177,SUP003,2025-01-29,2025-02-22,2025-02-23,850
SKU214,SUP015,2025-05-08,2025-05-20,2025-05-24,232
SKU137,SUP004,2025-02-07,2025-03-02,,1086
SKU190,SUP015,2025-06-15,2025-07-12,,332
SKU245,SUP010,2025-02-08,2025-02-20,,1528
SKU001,SUP013,2025-06-09,2025-06-27,,680
SKU030,SUP011,2025-01-08,2025-01-24,2025-01-25,1050
SKU036,SUP011,2025-02-24,2025-03-07,2025-03-11,1736
SKU030,SUP011,2025-01-13,2025-01-30,2025-01-31,1168
SKU253,SUP010,2025-02-04,2025-02-19,2025-02-23,341
SKU110,SUP008,2025-02-20,2025-03-01,,1417
SKU189,SUP011,2025-02-01,2025-02-17,2025-02-19,949
SKU050,SUP007,2025-02-21,2025-03-06,2025-03-09,312
SKU066,SUP011,2025-04-27,2025-05-17,,1840
SKU255,SUP008,2025-05-17,2025-06-09,2025-06-13,1188
SKU002,SUP012,2025-03-19,2025-04-13,2025-04-13,1366
SKU192,SUP013,2025-03-30,2025-04-22,,1087
SKU191,SUP011,2025-05-29,2025-06-08,2025-06-11,115
SKU106,SUP003,2025-01-27,2025-01-29,2025-01-28,407
SKU053,SUP009,2025-04-01,2025-04-14,2025-04-13,341
SKU031,SUP002,2025-04-11,2025-04-19,,1157
SKU243,SUP001,2025-02-28,2025-03-04,2025-03-08,401
SKU166,SUP011,2025-05-09,2025-05-18,2025-05-20,416
SKU145,SUP001,2025-06-27,2025-07-25,2025-07-26,117
SKU155,SUP015,2025-01-16,2025-01-30,,431
SKU016,SUP001,2025-03-16,2025-03-29,2025-03-30,1318
SKU030,SUP013,2025-02-22,2025-03-14,,804
SKU192,SUP015,2025-04-01,2025-04-26,2025-04-27,1026
SKU103,SUP003,2025-04-21,2025-05-03,2025-05-03,1717
SKU132,SUP007,2025-01-22,2025-02-16,2025-02-20,1284
SKU117,SUP012,2025-01-26,2025-02-05,2025-02-05,397
SKU154,SUP004,2025-05-20,2025-06-10,2025-06-14,1798
SKU116,SUP010,2025-02-13,2025-03-09,2025-03-08,493
SKU083,SUP001,2025-02-27,2025-03-29,2025-04-01,1351
SKU254,SUP014,2025-01-31,2025-03-05,2025-03-08,1581
SKU095,SUP002,2025-05-30,2025-07-01,2025-07-01,230
SKU148,SUP006,2025-04-19,2025-05-11,,555
SKU018,SUP013,2025-06-04,2025-06-15,,1821
SKU231,SUP009,2025-03-14,2025-03-22,,109
SKU230,SUP009,2025-05-25,2025-06-21,2025-06-20,462
SKU085,SUP007,2025-02-02,2025-02-15,2025-02-19,896
SKU119,SUP015,2025-04-07,2025-04-14,2025-04-16,1024
SKU229,SUP008,2025-03-01,2025-03-10,2025-03-13,1077
SKU113,SUP005,2025-03-06,2025-04-01,,418
SKU037,SUP009,2025-03-05,2025-03-15,2025-03-18,1157
SKU039,SUP001,2025-03-03,2025-03-30,,700
SKU248,SUP009,2025-03-20,2025-04-04,,941
SKU032,SUP012,2025-02-08,2025-02-21,2025-02-25,1703
SKU192,SUP013,2025-01-28,2025-02-24,2025-02-27,834
SKU167,SUP002,2025-03-30,2025-04-19,2025-04-18,216
SKU010,SUP011,2025-03-21,2025-04-06,,215
SKU220,SUP001,2025-06-18,2025-07-14,2025-07-14,471
SKU248,SUP001,2025-03-12,2025-03-26,2025-03-28,564
SKU220,SUP001,2025-01-15,2025-02-09,2025-02-11,1349
SKU222,SUP006,2025-03-25,2025-04-13,2025-04-16,250
SKU185,SUP008,2025-01-21,2025-02-13,2025-02-15,1665
SKU161,SUP011,2025-05-26,2025-06-11,2025-06-14,996
SKU143,SUP012,2025-02-16,2025-03-15,2025-03-15,1297
SKU054,SUP002,2025-06-16,2025-07-04,2025-07-04,1317
SKU166,SUP011,2025-06-06,2025-06-13,2025-06-14,1098
SKU071,SUP015,2025-01-29,2025-02-07,,1117
SKU228,SUP002,2025-01-16,2025-01-31,2025-01-30,821
SKU232,SUP006,2025-01-15,2025-02-01,2025-02-01,1655
SKU070,SUP006,2025-02-03,2025-02-09,2025-02-13,1613
SKU108,SUP004,2025-06-16,2025-07-07,2025-07-07,1404
SKU186,SUP008,2025-01-12,2025-01-26,2025-01-25,307
SKU133,SUP011,2025-01-06,2025-01-14,,1755
SKU183,SUP008,2025-02-14,2025-02-21,2025-02-20,626
SKU037,SUP009,2025-06-27,2025-07-11,,171
SKU111,SUP012,2025-05-29,2025-06-23,2025-06-26,1949
SKU006,SUP015,2025-02-12,2025-03-11,2025-03-10,591
SKU047,SUP008,2025-03-26,2025-04-08,2025-04-07,1371
SKU211,SUP014,2025-05-11,2025-05-24,2025-05-23,1536
SKU052,SUP011,2025-04-28,2025-05-29,2025-05-29,1665
SKU090,SUP010,2025-06-16,2025-07-13,2025-07-13,1618
SKU052,SUP011,2025-05-22,2025-06-23,,1214
SKU152,SUP004,2025-02-22,2025-03-21,2025-03-20,1704
SKU116,SUP006,2025-05-26,2025-06-19,2025-06-23,1818
SKU016,SUP013,2025-04-14,2025-04-24,,261
SKU155,SUP015,2025-03-14,2025-03-31,,898
SKU149,SUP011,2025-05-14,2025-05-25,2025-05-28,1825
SKU217,SUP006,2025-03-27,2025-04-09,2025-04-13,1058
SKU087,SUP003,2025-01-25,2025-01-30,2025-01-30,1681
SKU138,SUP008,2025-02-01,2025-02-10,2025-02-10,235
SKU247,SUP014,2025-03-16,2025-04-12,2025-04-15,608
SKU045,SUP004,2025-03-22,2025-04-01,,217
SKU184,SUP009,2025-03-15,2025-04-08,2025-04-08,519
SKU252,SUP010,2025-05-03,2025-05-05,2025-05-09,1296
SKU079,SUP015,2025-05-10,2025-05-18,,661
SKU223,SUP003,2025-01-10,2025-02-04,2025-02-06,335
SKU159,SUP014,2025-03-01,2025-03-14,,1936
SKU102,SUP002,2025-06-13,2025-07-10,,1766
SKU205,SUP014,2025-01-01,2025-01-10,,1813
SKU014,SUP004,2025-03-22,2025-04-12,2025-04-11,1760
SKU009,SUP007,2025-03-25,2025-04-21,,1916
SKU172,SUP004,2025-05-17,2025-06-01,2025-06-01,1948
SKU037,SUP009,2025-01-16,2025-01-28,2025-01-28,1655
SKU137,SUP004,2025-04-13,2025-05-08,2025-05-10,1594
SKU163,SUP009,2025-05-30,2025-06-14,2025-06-18,709
SKU132,SUP011,2025-02-25,2025-03-26,2025-03-26,967
SKU227,SUP001,2025-06-05,2025-06-19,2025-06-20,1820
SKU205,SUP014,2025-05-01,2025-05-16,2025-05-19,1728
SKU204,SUP002,2025-03-08,2025-03-17,2025-03-17,1304
SKU181,SUP003,2025-01-27,2025-02-08,2025-02-07,361
SKU011,SUP005,2025-06-11,2025-07-08,2025-07-11,824
SKU021,SUP006,2025-01-04,2025-01-15,2025-01-18,636
SKU254,SUP014,2025-06-04,2025-07-04,2025-07-03,1033
SKU257,SUP010,2025-03-22,2025-04-08,2025-04-08,1098
SKU196,SUP009,2025-04-18,2025-05-19,2025-05-22,1988
SKU201,SUP015,2025-03-21,2025-04-05,2025-04-09,1189
SKU246,SUP005,2025-06-20,2025-07-14,2025-07-13,691
SKU145,SUP005,2025-06-04,2025-07-07,,462
SKU143,SUP007,2025-02-03,2025-02-27,,749
SKU254,SUP011,2025-04-26,2025-05-27,,1487
SKU023,SUP006,2025-01-13,2025-02-01,,1123
SKU092,SUP014,2025-06-01,2025-06-22,,1299
SKU241,SUP009,2025-04-10,2025-05-03,2025-05-04,1318
SKU011,SUP005,2025-04-16,2025-05-08,2025-05-10,244
SKU220,SUP001,2025-04-04,2025-04-30,2025-05-03,359
SKU063,SUP009,2025-01-19,2025-02-11,2025-02-13,471
SKU070,SUP010,2025-01-23,2025-01-31,2025-02-02,1043
SKU180,SUP001,2025-06-17,2025-07-05,2025-07-07,199
SKU112,SUP010,2025-02-21,2025-03-20,2025-03-23,1904
SKU165,SUP014,2025-01-22,2025-02-18,2025-02-22,1121
SKU106,SUP003,2025-05-26,2025-06-02,,1985
SKU154,SUP009,2025-01-07,2025-01-29,2025-01-29,1520
SKU153,SUP013,2025-06-09,2025-06-24,,1970
SKU121,SUP011,2025-06-25,2025-07-11,2025-07-13,1138
SKU134,SUP013,2025-05-01,2025-05-13,,1763
SKU180,SUP001,2025-01-13,2025-02-05,2025-02-09,1441
SKU089,SUP004,2025-01-01,2025-01-05,2025-01-08,1284
SKU032,SUP006,2025-06-01,2025-06-16,2025-06-19,709
SKU030,SUP015,2025-05-28,2025-06-15,2025-06-15,1916
SKU236,SUP007,2025-05-09,2025-05-28,2025-05-27,581
SKU209,SUP008,2025-06-29,2025-07-20,2025-07-22,1840
SKU135,SUP006,2025-01-09,2025-01-28,,439
SKU106,SUP003,2025-02-03,2025-02-07,2025-02-08,803
SKU153,SUP004,2025-05-17,2025-06-01,2025-06-04,230
SKU004,SUP005,2025-01-07,2025-01-20,2025-01-21,1901
SKU229,SUP009,2025-05-05,2025-05-14,2025-05-15,1558
SKU076,SUP001,2025-06-24,2025-07-21,2025-07-25,303
SKU149,SUP011,2025-05-04,2025-05-16,,669
SKU108,SUP005,2025-02-17,2025-03-13,2025-03-13,353
SKU087,SUP003,2025-01-25,2025-02-01,,1089
SKU049,SUP013,2025-06-24,2025-07-08,2025-07-09,316
SKU209,SUP008,2025-06-09,2025-07-05,2025-07-06,1448
SKU090,SUP001,2025-04-19,2025-05-16,,1917
SKU091,SUP008,2025-05-05,2025-06-03,2025-06-05,202
SKU187,SUP006,2025-01-14,2025-01-22,2025-01-26,1589
SKU093,SUP014,2025-05-24,2025-06-07,2025-06-07,614
SKU068,SUP003,2025-05-13,2025-06-01,,1475
SKU066,SUP011,2025-04-01,2025-04-23,,1722
SKU033,SUP014,2025-03-09,2025-03-23,2025-03-25,1474
SKU108,SUP007,2025-02-22,2025-03-13,2025-03-13,1573
SKU095,SUP012,2025-05-12,2025-06-09,2025-06-11,1061
SKU198,SUP015,2025-03-10,2025-03-26,2025-03-25,1599
SKU253,SUP010,2025-03-13,2025-03-28,2025-04-01,1464
SKU061,SUP007,2025-01-03,2025-01-27,2025-01-29,103
SKU231,SUP009,2025-05-13,2025-05-17,2025-05-17,624
SKU118,SUP009,2025-01-07,2025-01-28,,1354
SKU030,SUP015,2025-06-02,2025-06-21,2025-06-22,1000
SKU193,SUP014,2025-03-31,2025-04-26,2025-04-25,1874
SKU244,SUP010,2025-04-05,2025-04-14,2025-04-13,1529
SKU062,SUP007,2025-06-03,2025-06-27,,1124
SKU235,SUP009,2025-05-31,2025-06-13,,1253
SKU040,SUP010,2025-03-23,2025-04-11,,1103
SKU203,SUP011,2025-05-14,2025-06-12,2025-06-12,579
SKU195,SUP002,2025-06-08,2025-07-05,2025-07-04,1039
SKU015,SUP007,2025-06-04,2025-06-24,2025-06-26,1135
SKU067,SUP009,2025-01-30,2025-03-02,2025-03-02,1667
SKU039,SUP001,2025-06-20,2025-07-20,2025-07-21,583
SKU249,SUP002,2025-04-27,2025-05-25,2025-05-25,934
SKU190,SUP015,2025-06-29,2025-07-26,2025-07-30,1966
SKU166,SUP004,2025-01-26,2025-02-04,2025-02-04,1094
SKU073,SUP009,2025-02-20,2025-03-04,2025-03-06,1638
SKU210,SUP012,2025-05-15,2025-05-26,,1936
SKU115,SUP001,2025-06-28,2025-07-24,2025-07-26,215
SKU088,SUP014,2025-04-14,2025-05-08,2025-05-12,1613
SKU209,SUP008,2025-05-15,2025-06-04,2025-06-04,1659
SKU258,SUP005,2025-04-02,2025-04-30,2025-05-03,557
SKU053,SUP009,2025-02-15,2025-03-04,2025-03-08,1942
SKU234,SUP001,2025-04-29,2025-05-07,2025-05-08,296
SKU025,SUP007,2025-01-17,2025-02-06,2025-02-09,629
SKU188,SUP009,2025-05-26,2025-06-08,2025-06-08,1942
SKU079,SUP015,2025-06-11,2025-06-18,,1110
SKU257,SUP010,2025-02-23,2025-03-14,,362
SKU150,SUP002,2025-06-27,2025-07-25,2025-07-26,1005
SKU123,SUP013,2025-04-28,2025-05-04,2025-05-08,1348
SKU103,SUP003,2025-03-29,2025-04-06,,929
SKU083,SUP001,2025-06-01,2025-07-02,2025-07-04,284
SKU010,SUP011,2025-03-07,2025-03-18,2025-03-19,222
SKU156,SUP005,2025-02-14,2025-03-03,2025-03-02,744
SKU140,SUP004,2025-02-27,2025-03-23,2025-03-24,168
SKU250,SUP007,2025-03-13,2025-03-15,2025-03-19,1748
SKU232,SUP005,2025-05-15,2025-06-07,2025-06-11,382
SKU008,SUP002,2025-01-28,2025-02-25,2025-02-25,441
SKU242,SUP011,2025-04-24,2025-05-04,,1393
SKU061,SUP007,2025-01-13,2025-02-07,2025-02-06,1929
SKU038,SUP010,2025-02-28,2025-03-06,2025-03-06,666
SKU055,SUP002,2025-05-16,2025-06-17,2025-06-21,1849
SKU115,SUP001,2025-02-27,2025-03-29,2025-03-30,228
SKU029,SUP008,2025-02-02,2025-03-06,2025-03-09,1450
SKU185,SUP008,2025-05-14,2025-06-04,2025-06-07,1839
SKU004,SUP003,2025-06-08,2025-06-24,2025-06-24,1870
SKU136,SUP005,2025-04-03,2025-04-12,2025-04-11,1370
SKU137,SUP001,2025-03-04,2025-03-27,2025-03-31,1053
SKU003,SUP005,2025-02-25,2025-03-17,2025-03-21,661
SKU122,SUP003,2025-01-01,2025-01-17,2025-01-21,690
SKU190,SUP005,2025-01-17,2025-02-19,2025-02-21,1620
SKU209,SUP008,2025-03-30,2025-04-24,2025-04-27,572
SKU115,SUP002,2025-04-27,2025-05-28,2025-05-29,927
SKU017,SUP001,2025-03-07,2025-03-13,2025-03-15,115
SKU014,SUP002,2025-04-15,2025-05-07,,923
SKU006,SUP006,2025-06-16,2025-07-09,2025-07-08,1318
SKU065,SUP007,2025-04-13,2025-04-25,2025-04-24,377
SKU182,SUP002,2025-01-04,2025-01-24,2025-01-23,495
SKU209,SUP008,2025-03-15,2025-04-06,2025-04-08,192
SKU065,SUP007,2025-01-10,2025-01-19,2025-01-18,1579
SKU086,SUP007,2025-05-17,2025-06-11,,1058
SKU107,SUP008,2025-01-14,2025-01-31,,1068
SKU075,SUP009,2025-05-10,2025-06-06,2025-06-08,1087
SKU167,SUP002,2025-01-04,2025-01-25,2025-01-29,1881
SKU110,SUP009,2025-05-02,2025-05-10,,845
SKU067,SUP009,2025-04-30,2025-05-26,2025-05-27,885
SKU147,SUP003,2025-03-29,2025-04-25,,915
SKU015,SUP008,2025-05-03,2025-05-23,,1989
SKU084,SUP004,2025-04-06,2025-05-03,2025-05-03,235
SKU106,SUP003,2025-01-07,2025-01-14,,225
SKU079,SUP004,2025-03-08,2025-03-18,2025-03-21,1586
SKU082,SUP015,2025-01-25,2025-02-09,,377
SKU224,SUP008,2025-03-13,2025-04-02,2025-04-03,739
SKU082,SUP015,2025-03-28,2025-04-06,,1461
SKU182,SUP011,2025-04-07,2025-04-27,2025-04-26,162
SKU248,SUP013,2025-06-16,2025-06-29,2025-06-28,123
SKU211,SUP014,2025-06-10,2025-06-24,2025-06-23,1795
SKU220,SUP001,2025-04-11,2025-05-01,2025-05-01,1498
SKU139,SUP002,2025-05-27,2025-06-20,2025-06-20,1834
SKU031,SUP005,2025-01-02,2025-01-12,2025-01-12,1740
SKU218,SUP013,2025-03-16,2025-04-12,2025-04-14,1250
SKU200,SUP002,2025-01-15,2025-01-23,,1228
SKU233,SUP003,2025-03-04,2025-03-13,2025-03-16,1464
SKU190,SUP005,2025-04-07,2025-05-08,,1162
SKU162,SUP010,2025-05-01,2025-05-31,2025-05-31,827
SKU049,SUP014,2025-03-06,2025-03-17,,531
SKU065,SUP011,2025-02-20,2025-03-02,2025-03-02,1583
SKU199,SUP009,2025-01-12,2025-02-14,2025-02-17,482
SKU048,SUP011,2025-02-04,2025-02-15,2025-02-15,1159
SKU252,SUP012,2025-02-11,2025-02-17,2025-02-20,279
SKU012,SUP004,2025-06-24,2025-07-03,2025-07-05,1205
SKU034,SUP010,2025-04-07,2025-04-16,2025-04-19,1180
SKU109,SUP009,2025-01-05,2025-01-20,2025-01-21,393
SKU010,SUP011,2025-06-14,2025-06-28,2025-06-28,737
SKU088,SUP011,2025-04-24,2025-05-22,,1901
SKU217,SUP009,2025-06-24,2025-07-07,2025-07-07,801
SKU229,SUP008,2025-05-02,2025-05-11,,308
SKU016,SUP013,2025-01-01,2025-01-17,,1754
SKU178,SUP008,2025-02-05,2025-02-17,2025-02-19,1312
SKU178,SUP008,2025-02-28,2025-03-09,2025-03-08,242
SKU062,SUP015,2025-05-11,2025-06-07,2025-06-10,1246
SKU118,SUP009,2025-01-26,2025-02-16,2025-02-18,1455
SKU212,SUP007,2025-06-02,2025-06-21,2025-06-24,194
SKU041,SUP005,2025-05-12,2025-05-16,2025-05-20,1827
SKU207,SUP002,2025-01-22,2025-01-31,2025-02-02,375
SKU055,SUP012,2025-01-26,2025-02-21,2025-02-21,1366
SKU212,SUP003,2025-02-03,2025-02-18,2025-02-20,1941
SKU153,SUP007,2025-05-22,2025-06-09,2025-06-10,1102
SKU204,SUP009,2025-01-02,2025-01-13,,1473
SKU166,SUP011,2025-05-06,2025-05-12,2025-05-13,1793
SKU249,SUP010,2025-05-19,2025-06-15,2025-06-15,184
SKU183,SUP001,2025-03-02,2025-03-12,2025-03-13,1256
SKU100,SUP008,2025-05-26,2025-06-02,2025-06-06,1016
SKU175,SUP007,2025-02-24,2025-03-18,2025-03-17,784
SKU219,SUP001,2025-06-07,2025-07-03,2025-07-06,344
SKU173,SUP009,2025-03-25,2025-04-25,2025-04-28,1113
SKU197,SUP003,2025-05-21,2025-06-20,,1963
SKU201,SUP015,2025-04-25,2025-05-15,2025-05-15,665
SKU170,SUP006,2025-06-14,2025-07-04,2025-07-05,961
SKU083,SUP001,2025-02-03,2025-03-06,2025-03-09,932
SKU156,SUP005,2025-02-21,2025-03-15,2025-03-18,468
SKU143,SUP015,2025-01-08,2025-02-01,2025-02-04,140
SKU155,SUP015,2025-01-19,2025-02-02,2025-02-05,1875
SKU137,SUP004,2025-06-29,2025-07-25,2025-07-28,625
SKU120,SUP014,2025-06-01,2025-07-02,2025-07-03,269
SKU159,SUP014,2025-06-03,2025-06-15,2025-06-14,1642
SKU112,SUP010,2025-02-17,2025-03-17,,132
SKU115,SUP002,2025-01-03,2025-02-03,2025-02-05,141
SKU009,SUP005,2025-02-20,2025-03-15,2025-03-17,1265
SKU027,SUP010,2025-05-11,2025-05-25,2025-05-24,1631
SKU138,SUP011,2025-06-06,2025-06-20,,120
SKU148,SUP002,2025-02-05,2025-02-28,2025-02-27,1273
SKU001,SUP013,2025-02-06,2025-02-27,2025-02-27,974
SKU096,SUP012,2025-05-21,2025-06-12,2025-06-14,1416
SKU222,SUP009,2025-01-25,2025-02-13,2025-02-16,1292
SKU042,SUP006,2025-05-16,2025-05-26,2025-05-29,1400
SKU160,SUP008,2025-02-26,2025-03-09,2025-03-08,407
SKU146,SUP010,2025-05-20,2025-06-07,,834
SKU239,SUP011,2025-02-03,2025-02-23,2025-02-26,835
SKU150,SUP008,2025-02-12,2025-03-08,2025-03-07,1154
SKU181,SUP014,2025-05-08,2025-05-20,2025-05-23,1511
SKU254,SUP015,2025-01-12,2025-02-10,2025-02-14,1451
SKU245,SUP010,2025-04-20,2025-04-30,2025-05-03,1769
SKU239,SUP002,2025-03-09,2025-04-01,2025-04-05,1790
SKU110,SUP009,2025-05-04,2025-05-11,2025-05-13,1101
SKU230,SUP002,2025-01-09,2025-02-02,2025-02-06,912
SKU212,SUP009,2025-02-27,2025-03-16,2025-03-15,627
SKU075,SUP008,2025-05-16,2025-06-06,2025-06-06,1121
SKU043,SUP003,2025-02-19,2025-02-27,2025-02-28,1919
SKU064,SUP014,2025-06-08,2025-06-30,2025-06-29,862
SKU051,SUP003,2025-04-23,2025-04-29,2025-04-29,303
SKU025,SUP015,2025-02-10,2025-03-03,,339
SKU031,SUP015,2025-04-27,2025-05-07,2025-05-06,1837
SKU203,SUP011,2025-01-24,2025-02-22,2025-02-22,204
SKU060,SUP001,2025-01-15,2025-01-29,,334
SKU006,SUP004,2025-02-02,2025-02-26,2025-03-02,1677
SKU200,SUP002,2025-06-23,2025-07-06,2025-07-05,1458
SKU095,SUP012,2025-04-21,2025-05-17,2025-05-20,1000
SKU228,SUP015,2025-02-21,2025-03-07,,491
SKU226,SUP004,2025-04-14,2025-04-27,2025-04-28,264
SKU221,SUP009,2025-02-22,2025-03-16,2025-03-17,623
SKU052,SUP011,2025-05-09,2025-06-10,2025-06-10,1038
SKU071,SUP003,2025-01-03,2025-01-10,,1433
SKU246,SUP012,2025-03-10,2025-04-06,2025-04-09,475
SKU218,SUP013,2025-02-16,2025-03-19,2025-03-21,1016
SKU021,SUP006,2025-05-23,2025-05-30,2025-06-03,926
SKU083,SUP001,2025-02-19,2025-03-20,2025-03-23,1172
SKU006,SUP004,2025-04-28,2025-05-25,2025-05-28,1764
SKU171,SUP005,2025-04-26,2025-05-22,2025-05-21,628
SKU173,SUP003,2025-04-11,2025-05-09,,314
SKU251,SUP003,2025-01-29,2025-02-17,2025-02-18,1737
SKU117,SUP002,2025-02-14,2025-02-24,2025-02-26,1076
SKU189,SUP015,2025-02-05,2025-02-26,2025-02-28,148
SKU006,SUP013,2025-05-18,2025-06-15,2025-06-14,209
SKU212,SUP009,2025-02-10,2025-03-02,2025-03-02,825
SKU052,SUP011,2025-03-11,2025-04-09,2025-04-11,720
SKU118,SUP009,2025-04-19,2025-05-11,2025-05-13,166
